-- MySQL dump 10.11
--
-- Host: localhost    Database: soj
-- ------------------------------------------------------
-- Server version	5.0.75-0ubuntu10.3

/*!40101 SET @OLD_CHARACTER_SET_CLIENT=@@CHARACTER_SET_CLIENT */;
/*!40101 SET @OLD_CHARACTER_SET_RESULTS=@@CHARACTER_SET_RESULTS */;
/*!40101 SET @OLD_COLLATION_CONNECTION=@@COLLATION_CONNECTION */;
/*!40101 SET NAMES utf8 */;
/*!40103 SET @OLD_TIME_ZONE=@@TIME_ZONE */;
/*!40103 SET TIME_ZONE='+00:00' */;
/*!40014 SET @OLD_UNIQUE_CHECKS=@@UNIQUE_CHECKS, UNIQUE_CHECKS=0 */;
/*!40014 SET @OLD_FOREIGN_KEY_CHECKS=@@FOREIGN_KEY_CHECKS, FOREIGN_KEY_CHECKS=0 */;
/*!40101 SET @OLD_SQL_MODE=@@SQL_MODE, SQL_MODE='NO_AUTO_VALUE_ON_ZERO' */;
/*!40111 SET @OLD_SQL_NOTES=@@SQL_NOTES, SQL_NOTES=0 */;

--
-- Table structure for table `problem`
--

DROP TABLE IF EXISTS `problem`;
SET @saved_cs_client     = @@character_set_client;
SET character_set_client = utf8;
CREATE TABLE `problem` (
  `pid` int(10) unsigned NOT NULL auto_increment,
  `problemName` varchar(50) NOT NULL,
  `accepted` int(10) unsigned NOT NULL default '0',
  `submitted` int(10) unsigned NOT NULL default '0',
  `discription` blob,
  `input` blob,
  `output` blob,
  `inputCase` blob,
  `outputCase` blob,
  `timeLimit` int(10) unsigned NOT NULL default '1000',
  `memoryLimit` int(10) unsigned NOT NULL default '64000',
  `did` int(10) unsigned NOT NULL default '1',
  PRIMARY KEY  (`pid`)
) ENGINE=MyISAM AUTO_INCREMENT=5 DEFAULT CHARSET=utf8;
SET character_set_client = @saved_cs_client;

--
-- Dumping data for table `problem`
--

LOCK TABLES `problem` WRITE;
/*!40000 ALTER TABLE `problem` DISABLE KEYS */;
INSERT INTO `problem` VALUES (1,'A+B Problem',127,203,'There are pairs of integers. Ouput the sum of each pair of integers.','Pairs of integers.','The sum of each pair of integers line by line.','1 2\n89323 1\n','3\n89324\n',1000,64000,1),(2,'Rooks',4,18,'You have unexpectedly become the owner of a large chessboard, having fifteen squares to each side. Because you do not know how to play chess on such a large board, you find an alternative way to make use of it.\n\nIn chess, a rook attacks all squares that are in the same row or column of the chessboard as it is. For the purposes of this problem, we define a rook as also attacking the square on which it is already standing.\n\nGiven a set of chessboard squares, how many rooks are needed to attack all of them?','Input consists of a number of test cases. Each test case consists of fifteen lines each containing fifteen characters depicting the chess board. Each character is either a period (.) or a hash (#). Every chessboard square depicted by a hash must be attacked by a rook. After all the test cases, one more line of input appears. This line contains the word END.','Output consists of exactly one line for each test case. The line contains a single integer, the minimum number of rooks that must be placed on the chess board so that every square marked with a hash is attacked.','...............\n...............\n...............\n...............\n...............\n...............\n...............\n.......#.......\n...............\n...............\n...............\n...............\n...............\n...............\n...............\nEND\n','1',1000,64000,2),(3,'Pipes',0,0,'After writing a solver for the \"moveable maze\" game last week, you have grown tired of it. After all, you already know the optimal solution. To entertain yourself, you find another puzzle game called \"Pipes\", and play that for a while. On one puzzle, you have not been able to find a solution by hand, and you think that there is no solution. You decide to write a program to tell you whether this is the case.\n\nThe game is played on a grid with R rows and C columns. Each square of the grid contains a black dot in the centre and black lines in the direction of some, none, or all of its north, east, south, and west neighbouring squares, with the following restriction: if two opposite directions both have lines, then at least one of the other two directions has a line as well. In other words, it is forbidden for a square to consist of a straight line.\n\nThe objective of the game is to rotate each square, as many times as you like, such that for each square, if it has a line going in a compass direction (that is, north, east, south, or west), then it has a neighbour in that compass direction and that neighbour has a line going in the opposite compass direction. In other words, each edge in the grid should either have a line on both sides or neither side.\n\nYour task is to determine whether a given grid has a solution. ','The input consists of several test cases.\n\nThe first line of each test case contains the two integers R and C, separated by spaces, with 1 <= R,C <= 12.\n\nThe following R lines of input each contain one row of the grid, from north to south. Each of these lines contains exactly C strings of letters, separated by spaces, that correspond to squares of the grid, from west to east. Their format is as follows:\n\n    * If the string is the single character x, then the square does not contain a line to any of its neighbours.\n    * Otherwise, the string contains some of the characters N, E, S, W, which indicate that a black line extends from this square\'s centre in the direction of its north, east, south, or west neighbour, respectively. No character will appear in the string more than once. \n\nInput is terminated by a line containing 0 0. These zeros are not a test case and should not be processed. ','For each test case, output SOLVABLE if there is a solution to the puzzle, and UNSOLVABLE otherwise. ','3 3\nNW NW x\nNES NESW W\nE W x\n2 2\nES x\nx N\n0 0\n','SOLVABLE\nUNSOLVABLE\n',1000,64000,3);
/*!40000 ALTER TABLE `problem` ENABLE KEYS */;
UNLOCK TABLES;

--
-- Table structure for table `status`
--

DROP TABLE IF EXISTS `status`;
SET @saved_cs_client     = @@character_set_client;
SET character_set_client = utf8;
CREATE TABLE `status` (
  `rid` int(10) unsigned NOT NULL auto_increment,
  `pid` int(10) unsigned NOT NULL,
  `uid` int(10) unsigned NOT NULL,
  `judgeStatus` tinyint(3) unsigned NOT NULL default '1',
  `language` tinyint(3) unsigned NOT NULL,
  `rtime` int(10) unsigned default NULL,
  `rmemory` int(10) unsigned default NULL,
  `submitTime` datetime NOT NULL,
  `sourceCode` blob,
  PRIMARY KEY  (`rid`)
) ENGINE=MyISAM AUTO_INCREMENT=222 DEFAULT CHARSET=utf8;
SET character_set_client = @saved_cs_client;

--
-- Dumping data for table `status`
--

LOCK TABLES `status` WRITE;
/*!40000 ALTER TABLE `status` DISABLE KEYS */;
INSERT INTO `status` VALUES (16,1,13,4,1,0,620,'2010-01-13 18:24:51','#include <iostream>  \r\nusing namespace std; \r\nint main()  \r\n{  \r\n   int a=1, b=3;  \r\n   cout<<a+b;  \r\n}   \r\n'),(15,1,13,7,1,NULL,NULL,'2010-01-13 18:23:49','#include <iostream.h> \r\nint main() \r\n{ \r\n   int a=1, b=3; \r\n   cout<<a+b; \r\n} \r\n'),(13,1,12,7,1,NULL,NULL,'2010-01-13 17:56:03','#include <iostream>\r\n\r\nvoid main()\r\n{\r\n int a,b;\r\ncin>>a>>b;\r\ncout<<a+b;\r\n}'),(14,1,13,7,1,NULL,NULL,'2010-01-13 18:17:37','include <iostream.h>\r\nint main()\r\n{\r\n   int a=1, b=3;\r\n   cout<<a+b;\r\n}'),(12,1,3,3,1,0,648,'2010-01-13 16:31:53','#include <iostream>\r\nusing namespace std;\r\nint main(){\r\nint a,b;\r\nwhile(cin>>a>>b)cout<<a+b<<endl;\r\nreturn 0;\r\n}'),(11,1,3,7,1,NULL,NULL,'2010-01-13 16:30:10','＃include <iostream>\r\nusing namespace std;\r\nint main(){\r\nint a,b;\r\nwhile(cin>>a>>b)cout<<a+b<<endl;\r\nreturn 0;\r\n}'),(10,1,3,3,2,0,480,'2010-01-13 16:04:57','#include <stdio.h>\r\nint main(){\r\nint a,b;\r\nwhile(scanf(\"%d%d\",&a,&b)!=EOF){\r\nprintf(\"%d\\n\",a+b);\r\n}\r\nreturn 0;\r\n}'),(9,1,3,3,1,0,648,'2010-01-12 20:33:09','#include <iostream>\r\nusing namespace std;\r\nint main(){\r\nint a,b;\r\nwhile(cin>>a>>b){\r\n cout<<a+b<<endl;\r\n}\r\nreturn 0;\r\n}'),(17,1,13,3,1,4,648,'2010-01-13 18:29:15','#include <iostream>   \r\nusing namespace std;  \r\nint main()   \r\n{   \r\n   int a,b;\r\n \r\n   while(cin>>a>>b)  \r\n\r\n   cout<<a+b<<endl; \r\n   return 0;  \r\n}     \r\n'),(18,1,13,7,1,NULL,NULL,'2010-01-13 18:29:51','#include <iostream>    \r\n\r\nint main()    \r\n{    \r\n   int a,b; \r\n  \r\n   while(cin>>a>>b)   \r\n\r\n   cout<<a+b<<endl;  \r\n   return 0;   \r\n}      \r\n \r\n\r\n'),(19,1,13,7,1,NULL,NULL,'2010-01-13 18:30:04','#include <iostream.h>    \r\nusing namespace std;   \r\nint main()    \r\n{    \r\n   int a,b; \r\n  \r\n   while(cin>>a>>b)   \r\n\r\n   cout<<a+b<<endl;  \r\n   return 0;   \r\n}      \r\n \r\n\r\n'),(20,1,16,4,1,0,612,'2010-01-15 13:11:37','#include <iostream>\r\nusing namespace std;\r\nint main(){\r\nprintf(\"HelloWorld\");\r\nreturn 0;\r\n}   '),(21,1,3,7,2,NULL,NULL,'2010-01-15 13:43:05','#inlcude <stdio.h>\r\nint main(){\r\nint a,b;\r\nwhile(scanf(\"%d%d\",&a,&b)!=EOF){printf(\"%d\\n\",a+b);}\r\nreturn 0;\r\n}'),(22,1,3,3,2,0,476,'2010-01-15 13:43:41','#include <stdio.h>\r\nint main(){\r\nint a,b;\r\nwhile(scanf(\"%d%d\",&a,&b)!=EOF){printf(\"%d\\n\",a+b);}\r\nreturn 0;\r\n}'),(23,1,8,4,1,0,644,'2010-01-15 14:05:21','#include<iostream>\r\nusing namespace std;\r\n\r\nint main()\r\n{\r\nint a,b;\r\n\r\ncin>>a>>b;\r\ncout<<a+b<<endl;\r\n\r\nreturn 0;\r\n\r\n}\r\n'),(24,1,8,3,1,0,648,'2010-01-15 14:06:09','#include<iostream> \r\nusing namespace std; \r\n\r\nint main() \r\n{ \r\nint a,b; \r\n\r\nwhile(cin>>a>>b) \r\ncout<<a+b<<endl; \r\n\r\nreturn 0; \r\n\r\n} \r\n'),(25,1,3,3,2,0,476,'2010-01-15 16:46:55','#include <stdio.h>\r\nint main(){\r\nint a,b;\r\nwhile(scanf(\"%d%d\",&a,&b)!=EOF){printf(\"%d\\n\",a+b);}\r\nreturn 0;\r\n}'),(26,1,3,3,2,0,480,'2010-01-15 16:53:44','#include <stdio.h>\r\nint main(){\r\nint a,b;\r\nwhile(scanf(\"%d%d\",&a,&b)!=EOF){printf(\"%d\\n\",a+b);}\r\nreturn 0;\r\n}'),(27,1,3,3,2,0,480,'2010-01-15 16:57:22','#include <stdio.h>\r\nint main(){\r\nint a,b;\r\nwhile(scanf(\"%d%d\",&a,&b)!=EOF){printf(\"%d\\n\",a+b);}\r\nreturn 0;\r\n}'),(28,1,3,4,1,0,592,'2010-01-15 17:11:40','#include <iostream>\r\nint main(){return 0;}'),(29,1,3,7,2,NULL,NULL,'2010-01-15 17:12:08','#include <cstdio.h>\r\nint main(){return 0;}'),(30,1,3,4,2,0,408,'2010-01-15 17:12:37','#include <stdio.h>\r\nint main(){return 0;}'),(31,1,3,4,2,4,404,'2010-01-15 17:13:00','#include <stdio.h>\r\nint main(){return 0;}'),(32,1,3,3,1,0,652,'2010-01-15 17:53:28','#include <iostream>\r\nusing namespace std;\r\nint main(){\r\nint a,b;\r\nwhile(cin>>a>>b)cout<<a+b<<endl;\r\nreturn 0;\r\n}'),(33,1,3,5,1,NULL,NULL,'2010-01-15 17:54:13','#include <iostream>\r\nusing namespace std;\r\nint main(){\r\nwhile(1);\r\nreturn 0;\r\n}'),(34,1,3,3,1,0,656,'2010-01-15 22:09:36','#include <iostream>\r\n#include <cstdio>\r\nint main(){\r\nint a,b;\r\nwhile(scanf(\"%d%d\",&a,&b)!=EOF){\r\nprintf(\"%d\\n\",a+b);\r\n}\r\n}'),(35,1,3,3,1,4,660,'2010-01-15 22:10:05','#include <iostream>\r\n#include <cstdio>\r\nusing namespace std;\r\nint main(){\r\nint a,b;\r\nwhile(scanf(\"%d%d\",&a,&b)!=EOF){\r\nprintf(\"%d\\n\",a+b);\r\n}\r\n}'),(36,1,3,3,1,0,660,'2010-01-15 22:10:46','#include <iostream>\r\n#include <cstdio>\r\nusing namespace std;\r\nint main(){\r\nint a,b;\r\nwhile(scanf(\"%d%d\",&a,&b)!=EOF){\r\nprintf(\"%d\\n\",a+b);\r\n}\r\nreturn 0;\r\n}'),(37,1,3,3,1,4,648,'2010-01-15 22:11:31','#include <iostream>\r\nusing namespace std;\r\nint main(){\r\nint a,b;\r\nwhile(cin>>a>>b)cout<<a+b<<endl;\r\nreturn 0;\r\n}'),(38,1,3,3,1,4,648,'2010-01-15 22:12:34','#include <iostream>\r\nusing namespace std;\r\nint main(){\r\nint a,b;\r\nwhile(cin>>a>>b)cout<<a+b<<endl;\r\nreturn 0;\r\n}'),(39,1,3,3,1,0,648,'2010-01-15 23:10:34','#include <iostream>\r\nusing namespace std;\r\nint main(){\r\nint a,b;\r\nwhile(cin>>a>>b)cout<<a+b<<endl;\r\nreturn 0;\r\n}'),(40,1,3,3,1,0,648,'2010-01-15 23:30:51','#include <iostream>\r\nusing namespace std;\r\nint main(){\r\nint a,b;\r\nwhile(cin>>a>>b)cout<<a+b<<endl;\r\nreturn 0;\r\n}'),(41,1,3,3,1,0,648,'2010-01-15 23:34:35','#include <iostream>\r\nusing namespace std;\r\nint main(){\r\nint a,b;\r\nwhile(cin>>a>>b)cout<<a+b<<endl;\r\nreturn 0;\r\n}'),(42,1,3,3,2,4,476,'2010-01-15 23:35:24','#include <stdio.h>\r\nint main(){\r\nint a,b;\r\nwhile(scanf(\"%d%d\",&a,&b)!=EOF){printf(\"%d\\n\",a+b);}\r\nreturn 0;\r\n}'),(43,1,3,7,2,NULL,NULL,'2010-01-15 23:53:12','#include <iostream>\r\nusing namespace std;\r\nint main(){\r\nint a,b;\r\nwhile(cin>>a>>b)cout<<a+b<<endl;\r\nreturn 0;\r\n}'),(44,1,3,3,1,0,652,'2010-01-15 23:53:33','#include <iostream>\r\nusing namespace std;\r\nint main(){\r\nint a,b;\r\nwhile(cin>>a>>b)cout<<a+b<<endl;\r\nreturn 0;\r\n}'),(45,1,3,4,1,0,408,'2010-01-15 23:54:27','#include <stdio.h>\r\nint main(){return 0;}'),(46,1,3,4,1,0,404,'2010-01-16 00:00:30','#include <stdio.h>\r\nint main(){return 0;}'),(47,1,3,4,2,0,404,'2010-01-16 00:00:55','#include <stdio.h>\r\nint main(){return 0;}'),(48,1,3,3,1,4,644,'2010-01-16 00:01:24','#include <iostream>\r\nusing namespace std;\r\nint main(){\r\nint a,b;\r\nwhile(cin>>a>>b)cout<<a+b<<endl;\r\nreturn 0;\r\n}'),(49,1,3,3,1,4,648,'2010-01-16 00:02:22','#include <iostream>\r\nusing namespace std;\r\nint main(){\r\nint a,b;\r\nint i,j;\r\nfor(i=0;i<10000;i++){\r\nfor(j=0;j<10000;j++){\r\na+=b;\r\n}\r\n}\r\nwhile(cin>>a>>b)cout<<a+b<<endl;\r\nreturn 0;\r\n}'),(50,1,3,3,1,0,648,'2010-01-16 00:08:19','#include <iostream>\r\nusing namespace std;\r\nint main(){\r\nint a,b;\r\nint i,j;\r\nfor(i=0;i<40000;i++){\r\nfor(j=0;j<10000;j++){\r\na+=b;\r\n}\r\n}\r\nwhile(cin>>a>>b)cout<<a+b<<endl;\r\nreturn 0;\r\n}'),(51,1,3,3,1,4,652,'2010-01-16 00:25:02','#include <iostream>\r\nusing namespace std;\r\nint main(){\r\nint a,b;\r\nint i,j;\r\nfor(i=0;i<20000;i++){\r\nfor(j=0;j<10000;j++){\r\na+=b;\r\n}\r\n}\r\nwhile(cin>>a>>b)cout<<a+b<<endl;\r\nreturn 0;\r\n}'),(52,1,3,3,1,0,648,'2010-01-16 00:25:37','#include <iostream>\r\nusing namespace std;\r\nint main(){\r\nint a,b;\r\nint i,j;\r\nfor(i=0;i<50000;i++){\r\nfor(j=0;j<10000;j++){\r\na+=b;\r\n}\r\n}\r\nwhile(cin>>a>>b)cout<<a+b<<endl;\r\nreturn 0;\r\n}'),(53,1,3,3,1,4,648,'2010-01-16 00:25:52','#include <iostream>\r\nusing namespace std;\r\nint main(){\r\nint a,b;\r\nint i,j;\r\nfor(i=0;i<47000;i++){\r\nfor(j=0;j<10000;j++){\r\na+=b;\r\n}\r\n}\r\nwhile(cin>>a>>b)cout<<a+b<<endl;\r\nreturn 0;\r\n}'),(54,1,3,3,1,4,648,'2010-01-16 00:26:08','#include <iostream>\r\nusing namespace std;\r\nint main(){\r\nint a,b;\r\nint i,j;\r\nfor(i=0;i<44000;i++){\r\nfor(j=0;j<10000;j++){\r\na+=b;\r\n}\r\n}\r\nwhile(cin>>a>>b)cout<<a+b<<endl;\r\nreturn 0;\r\n}'),(55,1,3,3,1,0,648,'2010-01-16 00:26:21','#include <iostream>\r\nusing namespace std;\r\nint main(){\r\nint a,b;\r\nint i,j;\r\nfor(i=0;i<40000;i++){\r\nfor(j=0;j<10000;j++){\r\na+=b;\r\n}\r\n}\r\nwhile(cin>>a>>b)cout<<a+b<<endl;\r\nreturn 0;\r\n}'),(56,1,3,3,1,4,644,'2010-01-16 00:26:42','#include <iostream>\r\nusing namespace std;\r\nint main(){\r\nint a,b;\r\nint i,j;\r\n\r\nwhile(cin>>a>>b)cout<<a+b<<endl;\r\nreturn 0;\r\n}'),(57,1,3,3,1,0,644,'2010-01-16 00:27:06','#include <iostream>\r\nusing namespace std;\r\nint main(){\r\nint a,b;\r\nint i,j;\r\nfor(i=0;i<30000;i++){\r\nfor(j=0;j<10000;j++){\r\na+=b;\r\n}\r\n}\r\nwhile(cin>>a>>b)cout<<a+b<<endl;\r\nreturn 0;\r\n}'),(58,1,3,3,1,0,648,'2010-01-16 00:27:26','#include <iostream>\r\nusing namespace std;\r\nint main(){\r\nint a,b;\r\nint i,j;\r\nfor(i=0;i<20000;i++){\r\nfor(j=0;j<10000;j++){\r\na+=b;\r\n}\r\n}\r\nwhile(cin>>a>>b)cout<<a+b<<endl;\r\nreturn 0;\r\n}'),(59,1,3,3,1,0,652,'2010-01-16 11:37:38','#include <iostream>\r\nusing namespace std;\r\nint c[1000][1000];\r\nint main(){\r\nint a,b;\r\nint i,j;\r\nfor(i=0;i<20000;i++){\r\nfor(j=0;j<10000;j++){\r\na+=b;\r\n}\r\n}\r\nwhile(cin>>a>>b)cout<<a+b<<endl;\r\nreturn 0;\r\n}'),(60,1,3,3,1,0,648,'2010-01-16 11:38:31','#include <iostream>\r\nusing namespace std;\r\nint main(){\r\nint a,b;\r\nint i,j;\r\nint c[1000][1000];\r\nfor(i=0;i<20000;i++){\r\nfor(j=0;j<10000;j++){\r\na+=b;\r\nc[i%1000][j%1000]=a+b;\r\n}\r\n}\r\nwhile(cin>>a>>b)cout<<a+b<<endl;\r\nreturn 0;\r\n}'),(61,1,3,3,1,0,648,'2010-01-16 11:39:06','#include <iostream>\r\nusing namespace std;\r\nint main(){\r\nint a,b;\r\nint i,j;\r\nint c[1000][1000];\r\nfor(i=0;i<10000;i++){\r\nfor(j=0;j<8000;j++){\r\na+=b;\r\nc[i%1000][j%1000]=a+b;\r\n}\r\n}\r\nwhile(cin>>a>>b)cout<<a+b<<endl;\r\nreturn 0;\r\n}'),(62,1,3,3,1,0,648,'2010-01-16 11:39:39','#include <iostream>\r\nusing namespace std;\r\nint main(){\r\nint a,b;\r\nint i,j;\r\nint c[1000][1000];\r\nfor(i=0;i<3000;i++){\r\nfor(j=0;j<8000;j++){\r\na+=b;\r\nc[i%1000][j%1000]=a+b;\r\n}\r\n}\r\nwhile(cin>>a>>b)cout<<a+b<<endl;\r\nreturn 0;\r\n}'),(63,1,3,3,1,0,648,'2010-01-16 11:56:21','#include <iostream>\r\nusing namespace std;\r\nint main(){\r\nint a,b;\r\nint i,j;\r\nint c[2000][2000];\r\nfor(i=0;i<3000;i++){\r\nfor(j=0;j<8000;j++){\r\na+=b;\r\nc[i%2000][j%2000]=a+b;\r\n}\r\n}\r\nwhile(cin>>a>>b)cout<<a+b<<endl;\r\nreturn 0;\r\n}'),(64,1,3,3,1,0,652,'2010-01-16 11:58:04','#include <iostream>\r\nusing namespace std;\r\nint main(){\r\nint a,b;\r\nint i,j;\r\nint c[2000][1000];\r\nfor(i=0;i<3000;i++){\r\nfor(j=0;j<8000;j++){\r\na+=b;\r\nc[i%2000][j%1000]=a+b;\r\n}\r\n}\r\nwhile(cin>>a>>b)cout<<a+b<<endl;\r\nreturn 0;\r\n}'),(65,1,3,9,1,NULL,NULL,'2010-01-16 12:09:33','#include <iostream>\r\nusing namespace std;\r\nint main(){\r\nint * a;\r\nwhile(1)a=new int(10);\r\nreturn 0;\r\n}'),(66,1,3,9,1,NULL,NULL,'2010-01-16 12:10:21','#include <iostream>\r\nusing namespace std;\r\nint main(){\r\nint * a;\r\nwhile(1)a=new int(1000);\r\nreturn 0;\r\n}'),(67,1,3,9,1,NULL,NULL,'2010-01-16 12:11:08','#include <iostream>\r\nusing namespace std;\r\nint main(){\r\nint * a;\r\nwhile(1)a=new int(1000000);\r\nreturn 0;\r\n}'),(68,1,3,4,1,0,596,'2010-01-16 12:11:51','#include <iostream>\r\nint a[10000][300];\r\nint main(){\r\nreturn 0;\r\n}'),(69,1,3,4,1,0,620,'2010-01-16 12:34:12','#include <iostream>\r\n#include <cstdio>\r\nusing namespace std;\r\nint main(){\r\n	freopen(\"../sout/1\",\"r\",stdin);\r\n	//FILE *f1=fopen(\"../sout/1\",\"r\",stdin);\r\n	char c;\r\n	while(cin>>c){\r\n		cout<<c;\r\n	}\r\n	return 0;\r\n}'),(70,1,3,6,1,NULL,NULL,'2010-01-16 12:36:34','#include <iostream>\r\n#include <cstdio>\r\nusing namespace std;\r\nint main(){\r\n	//freopen(\"../sout/1\",\"r\",stdin);\r\n	FILE *f1=fopen(\"../sout/1\",\"r\");\r\n	char c;\r\n	\r\n	while(fscanf(f1,\"%c\",&c)!=EOF){\r\n		cout<<c;\r\n	}\r\n	fclose(f1);\r\n	return 0;\r\n}'),(71,1,3,6,1,NULL,NULL,'2010-01-16 12:39:04','#include <iostream>\r\n#include <cstdio>\r\nusing namespace std;\r\nint main(){\r\n    //freopen(\"../sout/1\",\"r\",stdin);\r\n    FILE *f1=fopen(\"../sout/1\",\"r\");\r\n    char c;\r\n    \r\n    while(fscanf(f1,\"%c\",&c)!=EOF){\r\n        cout<<c;\r\n    }\r\n    fclose(f1);\r\n    return 0;\r\n}'),(72,1,3,6,1,NULL,NULL,'2010-01-16 12:46:32','#include <iostream>\r\n#include <cstdio>\r\nusing namespace std;\r\nint main(){\r\n	//freopen(\"../sout/1\",\"r\",stdin);\r\n	FILE *f1=fopen(\"1\",\"r\");\r\n	char c;\r\n	\r\n	while(fscanf(f1,\"%c\",&c)!=EOF){\r\n		cout<<c;\r\n	}\r\n	fclose(f1);\r\n	return 0;\r\n}'),(73,1,3,6,1,NULL,NULL,'2010-01-16 12:47:34','#include <iostream>\r\n#include <cstdio>\r\nusing namespace std;\r\nint main(){\r\n	//freopen(\"9\",\"r\",stdin);\r\n	FILE *f1=fopen(\"9\",\"r\");\r\n	char c;\r\n	\r\n	while(fscanf(f1,\"%c\",&c)!=EOF){\r\n		cout<<c;\r\n	}\r\n	fclose(f1);\r\n	return 0;\r\n}'),(74,1,3,6,1,NULL,NULL,'2010-01-16 12:48:34','#include <iostream>\r\n#include <cstdio>\r\nusing namespace std;\r\nint main(){\r\n    //freopen(\"9\",\"r\",stdin);\r\n    FILE *f1=fopen(\"10\",\"r\");\r\n    char c;\r\n    \r\n    while(fscanf(f1,\"%c\",&c)!=EOF){\r\n        cout<<c;\r\n    }\r\n    fclose(f1);\r\n    return 0;\r\n}'),(75,1,3,9,1,NULL,NULL,'2010-01-16 12:49:24','#include <iostream>\r\n#include <cstdio>\r\nusing namespace std;\r\nint main(){\r\n    FILE *f1=fopen(\"sout/1\",\"r\");\r\n    char c;\r\n    while(fscanf(f1,\"%c\",&c)!=EOF){\r\n        cout<<c;\r\n    }\r\n    fclose(f1);\r\n    return 0;\r\n}'),(76,1,3,7,2,NULL,NULL,'2010-01-16 14:01:29','#include <stdio.h>\r\nint main(){\r\n    char c;\r\n    FILE *f1;\r\nf1=fopen(\"sout/1\",\"r\");\r\n    while(fscanf(f1,\"%c\",&c)!=EOF){\r\n        cout<<c;\r\n    }\r\n    fclose(f1);\r\n    return 0;\r\n}'),(77,1,3,9,2,NULL,NULL,'2010-01-16 14:04:05','#include <stdio.h>\r\nint main(){\r\n    char c;\r\n    FILE *f1;\r\n	f1=fopen(\"sout/1\",\"r\");\r\n    while(fscanf(f1,\"%c\",&c)!=EOF){\r\n        printf(\"%c\",c);\r\n    }\r\n    fclose(f1);\r\n    return 0;\r\n}'),(78,1,3,3,1,0,652,'2010-01-16 14:36:05','#include <iostream>\r\nusing namespace std;\r\nint c[1000][1000];\r\nint main(){\r\nint a,b;\r\nint i,j;\r\nfor(i=0;i<20000;i++){\r\nfor(j=0;j<10000;j++){\r\na+=b;\r\n}\r\n}\r\nwhile(cin>>a>>b)cout<<a+b<<endl;\r\nreturn 0;\r\n}'),(79,1,3,3,2,0,480,'2010-01-16 14:37:13','#include <stdio.h>\r\nint main(){\r\nint a,b;\r\nwhile(scanf(\"%d%d\",&a,&b)!=EOF){printf(\"%d\\n\",a+b);}\r\nreturn 0;\r\n}'),(80,1,3,9,1,NULL,NULL,'2010-01-16 14:37:44','#include <iostream>\r\n#include <cstdio>\r\nusing namespace std;\r\nint main(){\r\n    FILE *f1=fopen(\"sout/1\",\"r\");\r\n    char c;\r\n    while(fscanf(f1,\"%c\",&c)!=EOF){\r\n        cout<<c;\r\n    }\r\n    fclose(f1);\r\n    return 0;\r\n}'),(81,1,3,9,2,NULL,NULL,'2010-01-16 14:38:32','#include <stdio.h>\r\nint main(){\r\n    char c;\r\n    FILE *f1;\r\n    f1=fopen(\"sout/1\",\"r\");\r\n    while(fscanf(f1,\"%c\",&c)!=EOF){\r\n        printf(\"%c\",c);\r\n    }\r\n    fclose(f1);\r\n    return 0;\r\n}'),(82,1,3,9,2,NULL,NULL,'2010-01-16 17:06:49','#include <stdio.h>\r\nint main(){\r\n    char c;\r\n    FILE *f1;\r\n    f1=fopen(\"sout/1\",\"r\");\r\n    while(fscanf(f1,\"%c\",&c)!=EOF){\r\n        printf(\"%c\",c);\r\n    }\r\n    fclose(f1);\r\n    return 0;\r\n}'),(83,1,3,9,2,NULL,NULL,'2010-01-16 17:59:43','#include <stdio.h>\r\nint main(){\r\n    char c;\r\n    FILE *f1;\r\n    f1=fopen(\"sout/1\",\"r\");\r\n    while(fscanf(f1,\"%c\",&c)!=EOF){\r\n        printf(\"%c\",c);\r\n    }\r\n    fclose(f1);\r\n    return 0;\r\n}'),(84,1,18,7,1,NULL,NULL,'2010-01-16 22:32:19','<script>alert(\'aa\');</script>s'),(85,1,3,9,2,NULL,NULL,'2010-01-17 12:10:13','#include <stdio.h>\r\nint main(){\r\n    char c;\r\n    FILE *f1;\r\n    f1=fopen(\"sout/1\",\"r\");\r\n    while(fscanf(f1,\"%c\",&c)!=EOF){\r\n        printf(\"%c\",c);\r\n    }\r\n    fclose(f1);\r\n    return 0;\r\n}'),(86,1,3,9,2,NULL,NULL,'2010-01-17 12:23:19','#include <stdio.h>\r\nint main(){\r\n    char c;\r\n    FILE *f1;\r\n    f1=fopen(\"sout/1\",\"r\");\r\n    while(fscanf(f1,\"%c\",&c)!=EOF){\r\n        printf(\"%c\",c);\r\n    }\r\n    fclose(f1);\r\n    return 0;\r\n}'),(87,1,3,9,2,NULL,NULL,'2010-01-17 12:29:07','#include <stdio.h>\r\nint main(){\r\n    char c;\r\n    FILE *f1;\r\n    f1=fopen(\"sout/1\",\"r\");\r\n    while(fscanf(f1,\"%c\",&c)!=EOF){\r\n        printf(\"%c\",c);\r\n    }\r\n    fclose(f1);\r\n    return 0;\r\n}'),(88,1,3,9,2,NULL,NULL,'2010-01-17 12:29:46','#include <stdio.h>\r\nint main(){\r\n    char c;\r\n    FILE *f1;\r\n    f1=fopen(\"sout/1\",\"r\");\r\n    while(fscanf(f1,\"%c\",&c)!=EOF){\r\n        printf(\"%c\",c);\r\n    }\r\n    fclose(f1);\r\n    return 0;\r\n}'),(89,1,3,9,2,NULL,NULL,'2010-01-17 12:38:48','#include <stdio.h>\r\nint main(){\r\n    char c;\r\n    FILE *f1;\r\n    f1=fopen(\"sout/1\",\"r\");\r\n    while(fscanf(f1,\"%c\",&c)!=EOF){\r\n        printf(\"%c\",c);\r\n    }\r\n    fclose(f1);\r\n    return 0;\r\n}'),(90,1,3,9,2,NULL,NULL,'2010-01-17 12:42:30','#include <stdio.h>\r\nint main(){\r\n    char c;\r\n    FILE *f1;\r\n    f1=fopen(\"sout/1\",\"r\");\r\n    while(fscanf(f1,\"%c\",&c)!=EOF){\r\n        printf(\"%c\",c);\r\n    }\r\n    fclose(f1);\r\n    return 0;\r\n}'),(91,1,3,9,2,NULL,NULL,'2010-01-17 12:42:43','#include <stdio.h>\r\nint main(){\r\n    char c;\r\n    FILE *f1;\r\n    f1=fopen(\"sout/1\",\"r\");\r\n    while(fscanf(f1,\"%c\",&c)!=EOF){\r\n        printf(\"%c\",c);\r\n    }\r\n    fclose(f1);\r\n    return 0;\r\n}'),(92,1,3,9,2,NULL,NULL,'2010-01-17 12:46:43','#include <stdio.h>\r\nint main(){\r\n    char c;\r\n    FILE *f1;\r\n    f1=fopen(\"sout/1\",\"r\");\r\n    while(fscanf(f1,\"%c\",&c)!=EOF){\r\n        printf(\"%c\",c);\r\n    }\r\n    fclose(f1);\r\n    return 0;\r\n}'),(93,1,3,9,2,NULL,NULL,'2010-01-17 12:46:53','#include <stdio.h>\r\nint main(){\r\n    char c;\r\n    FILE *f1;\r\n    f1=fopen(\"sout/1\",\"r\");\r\n    while(fscanf(f1,\"%c\",&c)!=EOF){\r\n        printf(\"%c\",c);\r\n    }\r\n    fclose(f1);\r\n    return 0;\r\n}'),(94,1,3,9,2,NULL,NULL,'2010-01-17 12:47:15','#include <stdio.h>\r\nint main(){\r\n    char c;\r\n    FILE *f1;\r\n    f1=fopen(\"sout/1\",\"r\");\r\n    while(fscanf(f1,\"%c\",&c)!=EOF){\r\n        printf(\"%c\",c);\r\n    }\r\n    fclose(f1);\r\n    return 0;\r\n}'),(95,1,3,3,2,0,480,'2010-01-17 12:49:52','#include <stdio.h>\r\nint main(){\r\nint a,b;\r\nwhile(scanf(\"%d%d\",&a,&b)!=EOF){printf(\"%d\\n\",a+b);}\r\nreturn 0;\r\n}'),(96,1,3,3,2,0,476,'2010-01-17 12:50:01','#include <stdio.h>\r\nint main(){\r\nint a,b;\r\nwhile(scanf(\"%d%d\",&a,&b)!=EOF){printf(\"%d\\n\",a+b);}\r\nreturn 0;\r\n}'),(97,1,3,3,2,0,476,'2010-01-17 12:55:46','#include <stdio.h>\r\nint main(){\r\nint a,b;\r\nwhile(scanf(\"%d%d\",&a,&b)!=EOF){printf(\"%d\\n\",a+b);}\r\nreturn 0;\r\n}'),(98,1,3,3,2,0,476,'2010-01-17 12:55:59','#include <stdio.h>\r\nint main(){\r\nint a,b;\r\nwhile(scanf(\"%d%d\",&a,&b)!=EOF){printf(\"%d\\n\",a+b);}\r\nreturn 0;\r\n}'),(99,1,3,3,2,0,480,'2010-01-17 12:56:09','#include <stdio.h>\r\nint main(){\r\nint a,b;\r\nwhile(scanf(\"%d%d\",&a,&b)!=EOF){printf(\"%d\\n\",a+b);}\r\nreturn 0;\r\n}'),(100,1,3,3,2,4,476,'2010-01-17 12:58:23','#include <stdio.h>\r\nint main(){\r\nint a,b;\r\nwhile(scanf(\"%d%d\",&a,&b)!=EOF){printf(\"%d\\n\",a+b);}\r\nreturn 0;\r\n}'),(101,1,3,3,2,0,476,'2010-01-17 12:58:30','#include <stdio.h>\r\nint main(){\r\nint a,b;\r\nwhile(scanf(\"%d%d\",&a,&b)!=EOF){printf(\"%d\\n\",a+b);}\r\nreturn 0;\r\n}'),(102,1,3,3,2,0,480,'2010-01-17 13:03:50','#include <stdio.h>\r\nint main(){\r\nint a,b;\r\nwhile(scanf(\"%d%d\",&a,&b)!=EOF){printf(\"%d\\n\",a+b);}\r\nreturn 0;\r\n}'),(103,1,3,9,2,NULL,NULL,'2010-01-17 13:04:11','#include <stdio.h>\r\nint main(){\r\n    char c;\r\n    FILE *f1;\r\n    f1=fopen(\"sout/1\",\"r\");\r\n    while(fscanf(f1,\"%c\",&c)!=EOF){\r\n        printf(\"%c\",c);\r\n    }\r\n    fclose(f1);\r\n    return 0;\r\n}'),(104,1,3,3,2,4,476,'2010-01-17 13:14:56','#include <stdio.h>\r\nint main(){\r\nint a,b;\r\nwhile(scanf(\"%d%d\",&a,&b)!=EOF){printf(\"%d\\n\",a+b);}\r\nreturn 0;\r\n}'),(105,1,3,3,2,0,472,'2010-01-17 13:20:33','#include <stdio.h>\r\nint main(){\r\nint a,b;\r\nwhile(scanf(\"%d%d\",&a,&b)!=EOF){printf(\"%d\\n\",a+b);}\r\nreturn 0;\r\n}'),(106,1,3,3,2,0,480,'2010-01-17 13:27:07','#include <stdio.h>\r\nint main(){\r\nint a,b;\r\nwhile(scanf(\"%d%d\",&a,&b)!=EOF){printf(\"%d\\n\",a+b);}\r\nreturn 0;\r\n}'),(107,1,3,3,2,0,476,'2010-01-17 13:42:41','#include <stdio.h>\r\nint main(){\r\nint a,b;\r\nwhile(scanf(\"%d%d\",&a,&b)!=EOF){printf(\"%d\\n\",a+b);}\r\nreturn 0;\r\n}'),(108,1,3,3,2,4,480,'2010-01-17 13:53:50','#include <stdio.h>\r\nint main(){\r\nint a,b;\r\nwhile(scanf(\"%d%d\",&a,&b)!=EOF){printf(\"%d\\n\",a+b);}\r\nreturn 0;\r\n}'),(109,1,3,3,2,0,476,'2010-01-17 13:59:01','#include <stdio.h>\r\nint main(){\r\nint a,b;\r\nwhile(scanf(\"%d%d\",&a,&b)!=EOF){printf(\"%d\\n\",a+b);}\r\nreturn 0;\r\n}'),(110,1,3,3,2,0,480,'2010-01-17 14:05:34','#include <stdio.h>\r\nint main(){\r\nint a,b;\r\nwhile(scanf(\"%d%d\",&a,&b)!=EOF){printf(\"%d\\n\",a+b);}\r\nreturn 0;\r\n}'),(111,1,3,3,2,0,476,'2010-01-17 14:14:51','#include <stdio.h>\r\nint main(){\r\nint a,b;\r\nwhile(scanf(\"%d%d\",&a,&b)!=EOF){printf(\"%d\\n\",a+b);}\r\nreturn 0;\r\n}'),(112,1,3,3,2,0,480,'2010-01-17 14:15:13','#include <stdio.h>\r\nint main(){\r\nint a,b;\r\nwhile(scanf(\"%d%d\",&a,&b)!=EOF){printf(\"%d\\n\",a+b);}\r\nreturn 0;\r\n}'),(113,1,3,3,2,4,472,'2010-01-17 14:19:54','#include <stdio.h>\r\nint main(){\r\nint a,b;\r\nwhile(scanf(\"%d%d\",&a,&b)!=EOF){printf(\"%d\\n\",a+b);}\r\nreturn 0;\r\n}'),(114,1,3,3,2,0,476,'2010-01-17 15:08:01','#include <stdio.h>\r\nint main(){\r\nint a,b;\r\nwhile(scanf(\"%d%d\",&a,&b)!=EOF){printf(\"%d\\n\",a+b);}\r\nreturn 0;\r\n}'),(115,1,3,3,2,0,472,'2010-01-17 15:08:13','#include <stdio.h>\r\nint main(){\r\nint a,b;\r\nwhile(scanf(\"%d%d\",&a,&b)!=EOF){printf(\"%d\\n\",a+b);}\r\nreturn 0;\r\n}'),(116,1,3,3,2,0,476,'2010-01-17 15:08:30','#include <stdio.h>\r\nint main(){\r\nint a,b;\r\nwhile(scanf(\"%d%d\",&a,&b)!=EOF){printf(\"%d\\n\",a+b);}\r\nreturn 0;\r\n}'),(117,1,3,3,2,4,472,'2010-01-17 15:08:40','#include <stdio.h>\r\nint main(){\r\nint a,b;\r\nwhile(scanf(\"%d%d\",&a,&b)!=EOF){printf(\"%d\\n\",a+b);}\r\nreturn 0;\r\n}'),(118,1,3,9,2,NULL,NULL,'2010-01-17 15:36:59','#include <stdio.h>\r\nint main(){\r\n    char c;\r\n    FILE *f1;\r\n    f1=fopen(\"sout/1\",\"r\");\r\n    while(fscanf(f1,\"%c\",&c)!=EOF){\r\n        printf(\"%c\",c);\r\n    }\r\n    fclose(f1);\r\n    return 0;\r\n}'),(119,1,3,9,2,NULL,NULL,'2010-01-17 15:37:50','#include <stdio.h>\r\nint main(){\r\n    char c;\r\n    FILE *f1;\r\n    f1=fopen(\"sout/1\",\"r\");\r\n    while(fscanf(f1,\"%c\",&c)!=EOF){\r\n        printf(\"%c\",c);\r\n    }\r\n    fclose(f1);\r\n    return 0;\r\n}'),(125,1,3,5,2,NULL,NULL,'2010-01-17 22:09:32','#include <stdio.h>\r\nint main(){\r\nwhile(1);\r\nreturn 0;\r\n}'),(120,1,3,7,1,NULL,NULL,'2010-01-17 16:35:01','＃include <iostream>\r\nusing namespace std;\r\nint main(){\r\nint a,b;\r\nwhile(cin>>a>>b)cout<<a+b<<endl;\r\nreturn 0;\r\n}'),(121,1,3,7,1,NULL,NULL,'2010-01-17 16:40:28','#include <iostream>\r\nusing namespace std;\r\nint main(){\r\nint a,b,s,k;\r\nint i,j;\r\nfor(i=0;i<100000;i++){\r\nfor(j=0;j<100000;j++){\r\ns+=i*j;\r\nk-=s;\r\n}\r\ncout<<s;\r\nreturn 0;\r\n}'),(122,1,3,5,1,NULL,NULL,'2010-01-17 16:41:27','#include <iostream>\r\nusing namespace std;\r\nint main(){\r\nint a,b,s,k;\r\nint i,j;\r\nfor(i=0;i<100000;i++){\r\nfor(j=0;j<100000;j++){\r\ns+=i*j;\r\nk-=s;\r\n}\r\n}\r\ncout<<s;\r\nreturn 0;\r\n}'),(123,1,3,5,1,NULL,NULL,'2010-01-17 17:00:52','#include <iostream>\r\nusing namespace std;\r\nint main(){\r\nint a,b,s,k;\r\nint i,j;\r\nb=0;\r\nfor(i=0;i<100000;i++){\r\nfor(j=0;j<100000;j++){\r\ns+=i*j;\r\nk-=s;\r\na=s-b;\r\nk=a+s;\r\nb=a-s;\r\nk=b+a;\r\n}\r\n}\r\ns=a+b;\r\nb=a-s;\r\nk=b-k;\r\ns=a+k;\r\ncout<<s;\r\nreturn 0;\r\n}'),(124,1,3,4,1,736,8436,'2010-01-17 17:03:30','#include <iostream>\r\nusing namespace std;\r\nint a[1000][1000],b[1000][1000];\r\nint main(){\r\nint i,j;\r\nfor(i=0;i<10000;i++){\r\nfor(j=0;j<10000;j++){\r\na[i%1000][j%1000]=i+j;\r\nb[i%1000][j%1000]=i-j;\r\n}\r\n}\r\nint k=0;\r\nfor(i=0;i<1000;i++){\r\nfor(j=0;j<1000;j++){\r\nk=a[i][j]+b[i][j];\r\n}\r\n}\r\ncout<<k<<endl;\r\nreturn 0;\r\n}\r\n'),(126,1,3,3,1,0,644,'2010-01-18 12:11:30','#include <iostream>\r\nusing namespace std;\r\nint main(){\r\nchar c;\r\nfreopen(\"sout/1\",\"r\",stdin);\r\nwhile(scanf(\"%c\",&c)!=EOF)printf(\"%c\",c);\r\nreturn 0;\r\n}'),(127,1,3,3,1,4,648,'2010-01-18 12:15:28','#include <iostream>\r\n#include <cstdio>\r\nusing namespace std;\r\nint main(){\r\nchar c;\r\nfreopen(\"sout/1\",\"r\",stdin);\r\nwhile(scanf(\"%c\",&c)!=EOF)printf(\"%c\",c);\r\nreturn 0;\r\n}'),(128,1,4,7,1,NULL,NULL,'2010-01-18 18:11:19','#include <iostream>\r\n#include <stdlib.h>\r\n#include <unistd.h>\r\n\r\nusing namespace std;\r\nint main(int argc, char *argv)\r\n{\r\nfork();\r\n}'),(129,1,3,9,1,NULL,NULL,'2010-01-18 18:11:22','#include <iostream>\r\n#include <cstdlib>\r\n#include <sys/wait.h>\r\nusing namespace std;\r\nint func(){\r\n	int pid=fork();\r\n	if(pid<0){\r\n		return -1;\r\n	}\r\n	if(pid==0){\r\n		cout<<\"This is child\"<<endl;\r\n		return 3;\r\n	}\r\n	else{\r\n		cout<<\"This is parent\"<<endl;\r\n		waitpid(0,0,0);\r\n		exit(0);\r\n	}\r\n}\r\nint main(){\r\n	int x=func();\r\n	cout<<\"x=\"<<x<<endl;\r\n	cout<<\"OK\"<<endl;\r\n	return 0;\r\n}'),(130,1,4,7,1,NULL,NULL,'2010-01-18 18:13:11','#include <iostream> \r\n#include <stdlib.h> \r\n#include <unistd.h> \r\n\r\nusing namespace std; \r\nint main(int argc, char *argv) \r\n{ \r\nwhile(true)\r\n    new int;\r\n}'),(131,1,4,7,1,NULL,NULL,'2010-01-18 18:14:45','#include <iostream> \r\n#include <stdlib.h> \r\n#include <unistd.h> \r\n\r\nusing namespace std; \r\nint main(int argc, char *argv) \r\n{ \r\nfor(int i = 0; i < 1000000; i++)\r\n    malloc(4096);\r\n}'),(132,1,4,7,1,NULL,NULL,'2010-01-18 18:15:34','#include <iostream> \r\n#include <stdlib.h> \r\n#include <unistd.h> \r\n\r\nusing namespace std; \r\nint main(int argc, char *argv) \r\n{ \r\nfor(int i = 0; i < 1000; i++)\r\n    malloc(1000*1000);\r\n}'),(133,1,4,7,1,NULL,NULL,'2010-01-18 18:18:08','#include <iostream> \r\n#include <stdlib.h> \r\n#include <unistd.h> \r\n\r\nint a[1000*1000*100];\r\n\r\nusing namespace std; \r\nint main(int argc, char *argv) \r\n{ \r\nreturn 0;\r\n}'),(134,1,4,7,1,NULL,NULL,'2010-01-18 18:20:47','#include <iostream> \r\n#include <stdlib.h> \r\n#include <unistd.h> \r\n\r\nint a[1000*1000*100];\r\n\r\nusing namespace std; \r\nint main(int argc, char *argv) \r\n{ \r\na[0] = a[1] = 1;\r\nfor(int i = 2; i < sizeof(a); i++)\r\n    a[i] = a[i - 1] + a[i - 2];\r\n}'),(135,1,4,7,1,NULL,NULL,'2010-01-18 18:21:53','#include <iostream> \r\n#include <stdlib.h> \r\n#include <unistd.h> \r\n\r\nint a[1000*1000*100];\r\n\r\nusing namespace std; \r\nint main(int argc, char *argv) \r\n{ \r\na[0] = a[1] = 1;\r\nfor(int i = 2; i < sizeof(a) / sizeof(a[0]); i++)\r\n    a[i] = a[i - 1] + a[i - 2];\r\n}'),(136,1,4,7,1,NULL,NULL,'2010-01-18 18:24:14','#include <iostream>  \r\n#include <stdlib.h>  \r\n#include <unistd.h>  \r\n\r\nint a[1000*1000*100]; \r\n\r\nusing namespace std;  \r\nint main(int argc, char *argv)  \r\n{  \r\na[0] = a[1] = 1; \r\nfor(int i = 2; i < sizeof(a) / sizeof(a[0]) / 4; i++) \r\n    a[i] = a[i - 1] + a[i - 2]; \r\n}'),(137,1,4,7,1,NULL,NULL,'2010-01-18 18:27:35','#include <iostream>   \r\n#include <stdlib.h>   \r\n#include <unistd.h>   \r\n\r\nint a[1000*1000*100];  \r\n\r\nusing namespace std;   \r\nint main(int argc, char *argv)   \r\n{   \r\na[0] = a[1] = 1;  \r\nfor(int i = 2; i < sizeof(a) / sizeof(a[0]) / 4; i++)  \r\n    a[i] = a[i - 1] + a[i - 2];  \r\n}'),(138,1,4,7,1,NULL,NULL,'2010-01-18 18:34:44','#include <iostream>   \r\n#include <stdlib.h>   \r\n#include <unistd.h>   \r\nusing namespace std;   \r\n\r\nint main(int argc, char *argv)   \r\n{   \r\nfor(int i = 0; i < 1000 * 1000 * 10)\r\n    cout<<\"SB is s and b\"<<endl;\r\n}'),(139,1,4,7,1,NULL,NULL,'2010-01-18 18:36:58','#include <iostream>    \r\n#include <stdlib.h>    \r\n#include <unistd.h>    \r\nusing namespace std;    \r\n\r\nint main(int argc, char *argv)    \r\n{    \r\nfor(int i = 0; i < 1000 * 1000 * 10; i++) \r\n    cout<<\"SB is s and b\"<<endl; \r\n}'),(140,1,3,6,1,NULL,NULL,'2010-01-18 18:41:30','#include <iostream>\r\nusing namespace std;\r\nint a[1000*1000*100];\r\nint main(){\r\nint i;\r\na[0]=1;\r\nfor(i=1;i<1000*1000*100;i++){\r\na[i]=a[i-1]+1;\r\n}\r\ncout<<a[1000*1000*100-1]<<endl;\r\nreturn 0;\r\n}'),(141,1,4,7,1,NULL,NULL,'2010-01-18 18:42:15','#include <iostream>    \r\n#include <stdlib.h>    \r\n#include <unistd.h>    \r\n#include <string.h>\r\nusing namespace std;    \r\n\r\nchar str[1000];\r\nchar *ss = \"SB is s and b\";\r\n\r\nint main(int argc, char *argv)    \r\n{    \r\nfor(char *p = str; p + strlen(ss) < str + 1000 ; p += strlen(ss))\r\n    strcpy(p, ss);\r\nfor(int i = 0; i < 1000 * 100; i++)\r\n    cout<<str;\r\n}'),(142,1,3,6,1,NULL,NULL,'2010-01-18 18:42:28','#include <iostream>\r\nusing namespace std;\r\nint a[1000*1000*100];\r\nint main(){\r\nint i;\r\na[0]=1;\r\nfor(i=1;i<1000*1000*100;i++){\r\na[i]=a[i-1]+1;\r\n}\r\ncout<<a[1000*1000*100-1]<<endl;\r\nreturn 0;\r\n}'),(143,1,3,6,1,NULL,NULL,'2010-01-18 18:43:21','#include <iostream>\r\nusing namespace std;\r\nint a[500*1000*100];\r\nint main(){\r\nint i;\r\na[0]=1;\r\nfor(i=1;i<500*1000*100;i++){\r\na[i]=a[i-1]+1;\r\n}\r\ncout<<a[500*1000*100-1]<<endl;\r\nreturn 0;\r\n}'),(144,1,4,7,1,NULL,NULL,'2010-01-18 18:54:43','#include <iostream>\r\n#include <stdlib.h>\r\n\r\nchar str[1000 * 1000];\r\n\r\nint main(int argc, char *argv[])\r\n{\r\nfor(int i = 0; i < sizeof(str); i++)\r\n    str[i] = rand() % 10 + \'0\';\r\nstr[sizeof(str) - 1] = 0;\r\nfor(int i = 0; i < 1000; i++)\r\n    cout<<str;\r\n}'),(145,1,4,7,1,NULL,NULL,'2010-01-18 18:55:26','#include <iostream>\r\n#include <stdlib.h>\r\n\r\nchar str[1000 * 1000];\r\n\r\nint main(int argc, char *argv[])\r\n{\r\nint i;\r\nfor(i = 0; i < sizeof(str); i++)\r\n    str[i] = rand() % 10 + \'0\';\r\nstr[sizeof(str) - 1] = 0;\r\nfor(i = 0; i < 1000; i++)\r\n    cout<<str;\r\n}'),(146,1,4,9,1,NULL,NULL,'2010-01-18 18:56:25','#include <iostream>\r\n#include <stdlib.h>\r\nusing namespace std;\r\n\r\nchar str[1000 * 1000];\r\n\r\nint main(int argc, char *argv[])\r\n{\r\nint i;\r\nfor(i = 0; i < sizeof(str); i++)\r\n    str[i] = rand() % 10 + \'0\';\r\nstr[sizeof(str) - 1] = 0;\r\nfor(i = 0; i < 1000; i++)\r\n    cout<<str;\r\n}'),(147,1,4,9,1,NULL,NULL,'2010-01-18 18:57:03','#include <iostream>\r\n#include <stdlib.h>\r\nusing namespace std;\r\n\r\nchar str[1000 * 1000];\r\n\r\nint main(int argc, char *argv[])\r\n{\r\nint i;\r\nfor(i = 0; i < sizeof(str); i++)\r\n    str[i] = rand() % 10 + \'0\';\r\nstr[sizeof(str) - 1] = 0;\r\nfor(i = 0; i < 100; i++)\r\n    cout<<str;\r\n}'),(148,1,3,7,1,NULL,NULL,'2010-01-18 19:09:28','#include <iostream>\r\nusing namespace std;\r\nint a[500*1000*100];\r\nint main(){\r\nint i;\r\na[0]=1;\r\nfor(i=1;i<500*1000*100;i++){\r\na[i]=a[i-1]+1;\r\n}\r\ncout<<a[500*1000*100-1]<<endl;\r\nreturn 0;\r\n}'),(149,1,3,6,1,NULL,NULL,'2010-01-18 19:18:57','#include <iostream>\r\nusing namespace std;\r\nint a[500*1000*100];\r\nint main(){\r\nint i;\r\na[0]=1;\r\nfor(i=1;i<500*1000*100;i++){\r\na[i]=a[i-1]+1;\r\n}\r\ncout<<a[500*1000*100-1]<<endl;\r\nreturn 0;\r\n}'),(150,1,3,9,1,NULL,NULL,'2010-01-18 19:21:29','#include <iostream>\r\n#include <cstdio>\r\nusing namespace std;\r\nint main(){\r\nint i;\r\nfor(i=0;i<100*1000*1000;i++){\r\nprintf(\"a\");\r\n}\r\nreturn 0;\r\n}'),(151,1,3,9,1,NULL,NULL,'2010-01-18 19:22:13','#include <iostream>\r\n#include <cstdio>\r\nusing namespace std;\r\nint main(){\r\nint i;\r\nfor(i=0;i<50*1000*1000;i++){\r\nprintf(\"aa\");\r\n}\r\nreturn 0;\r\n}'),(152,1,3,4,1,184,840,'2010-01-18 19:22:55','#include <iostream>\r\n#include <cstdio>\r\nusing namespace std;\r\nint main(){\r\nint i;\r\nfor(i=0;i<1000*1000;i++){\r\nprintf(\"1234567890\");\r\n}\r\nreturn 0;\r\n}'),(153,1,3,4,1,300,836,'2010-01-18 19:51:55','#include <iostream>\r\n#include <cstdio>\r\nusing namespace std;\r\nint main(){\r\nint i;\r\nfor(i=0;i<1000*1000;i++){\r\nprintf(\"1234567890\");\r\n}\r\nreturn 0;\r\n}'),(154,1,3,4,1,512,196160,'2010-01-19 11:03:38','#include <iostream>\r\nusing namespace std;\r\nint a[500*1000*100];\r\nint main(){\r\nint i;\r\na[0]=1;\r\nfor(i=1;i<500*1000*100;i++){\r\na[i]=a[i-1]+1;\r\n}\r\ncout<<a[500*1000*100-1]<<endl;\r\nreturn 0;\r\n}\r\n'),(155,1,3,7,3,NULL,NULL,'2010-01-19 11:11:42','import java.util.*;\r\npublic class TT{\r\n	public static void main(String[] args){\r\n		Scanner cin=new Scanner(System.in);\r\n		while(cin.hasNextInt()){\r\n			int a=cin.nextInt();\r\n			int b=cin.nextInt();\r\n			System.out.println(a+b);\r\n		}		\r\n	}\r\n}'),(156,1,3,3,3,172,15800,'2010-01-19 11:33:42','import java.util.*;\r\npublic class Main{\r\n	public static void main(String[] args){\r\n		Scanner cin=new Scanner(System.in);\r\n		while(cin.hasNextInt()){\r\n			int a=cin.nextInt();\r\n			int b=cin.nextInt();\r\n			System.out.println(a+b);\r\n		}\r\n	}\r\n}'),(157,1,3,3,2,4,700,'2010-01-19 11:34:28','#include <stdio.h>\r\nint main(){\r\nint a,b;\r\nwhile(scanf(\"%d%d\",&a,&b)!=EOF){printf(\"%d\\n\",a+b);}\r\nreturn 0;\r\n}'),(158,1,3,3,1,0,716,'2010-01-19 11:34:45','#include <stdio.h>\r\nint main(){\r\nint a,b;\r\nwhile(scanf(\"%d%d\",&a,&b)!=EOF){printf(\"%d\\n\",a+b);}\r\nreturn 0;\r\n}'),(159,1,3,3,1,0,716,'2010-03-17 03:16:07','#include <stdio.h>\r\nint main(){\r\nint a,b;\r\nwhile(scanf(\"%d%d\",&a,&b)!=EOF){printf(\"%d\\n\",a+b);}\r\nreturn 0;\r\n}'),(160,2,3,4,1,0,660,'2010-03-29 17:36:26','#include <iostream>\r\n#include <cstdio>\r\n#include <memory.h>\r\nusing namespace std;\r\n#define MAXN 30\r\nint nx,ny,m,g[MAXN][MAXN],sy[MAXN],cx[MAXN],cy[MAXN];\r\nint path(int u){\r\n	for(int v=1;v<=ny;v++)\r\n		if(g[u][v]&&!sy[v]){\r\n			sy[v]=1;\r\n			if(!cy[v]||path(cy[v])){\r\n				cx[u]=v;cy[v]=u;\r\n				return 1;\r\n			}\r\n		}\r\n	return 0;\r\n}\r\nint maximumMatch(){\r\n	int i,ret=0;\r\n	memset(cx,0,sizeof(cx));memset(cy,0,sizeof(cy));\r\n	for(i=1;i<=nx;i++)if(!cx[i]){memset(sy,0,sizeof(sy));ret+=path(i);}\r\n	return ret;\r\n}\r\nint main(){\r\n	nx=ny=15;\r\n	char tmp[20];\r\n	while(1){\r\n		scanf(\"%s\",tmp);\r\n		if(tmp[0]==\'E\')break;\r\n		memset(g,0,sizeof(g));\r\n		for(int i=0;i<15;i++){\r\n			if(tmp[i]==\'#\'){\r\n				g[1][i+1]=1;\r\n			}\r\n		}\r\n		for(int i=2;i<=15;i++){\r\n			scanf(\"%s\",tmp);\r\n			for(int j=1;j<=15;j++){\r\n				if(tmp[j-1]==\'#\'){\r\n					g[i][j]=1;\r\n				}\r\n			}\r\n		}\r\n		m=maximumMatch();\r\n		printf(\"%d\\n\",m);\r\n	}\r\n	return 0;\r\n}'),(161,1,3,3,1,4,712,'2010-03-30 07:57:48','#include <stdio.h>\r\nint main(){\r\nint a,b;\r\nwhile(scanf(\"%d%d\",&a,&b)!=EOF){printf(\"%d\\n\",a+b);}\r\nreturn 0;\r\n}'),(162,1,3,3,1,4,712,'2010-03-30 08:03:48','#include <stdio.h> \r\nint main(){ \r\nint a,b; \r\nwhile(scanf(\"%d%d\",&a,&b)!=EOF){printf(\"%d\\n\",a+b);} \r\nreturn 0; \r\n} \r\n'),(163,1,19,3,1,4,872,'2010-03-30 19:56:30','#include <iostream>\r\nusing namespace std;\r\n\r\nint main() {\r\nint a, b;\r\nwhile(cin >> a>> b) {\r\ncout << (a+b) << endl;\r\n}\r\nreturn 0;\r\n}'),(164,2,3,4,1,0,668,'2010-04-02 10:09:54','#include <iostream>\r\n#include <cstdio>\r\n#include <memory.h>\r\nusing namespace std;\r\n#define MAXN 30\r\nint nx,ny,m,edge,g[MAXN][MAXN],sy[MAXN],cx[MAXN],cy[MAXN];\r\nint path(int u){\r\n	for(int v=1;v<=ny;v++)\r\n		if(g[u][v]&&!sy[v]){\r\n			sy[v]=1;\r\n			if(!cy[v]||path(cy[v])){\r\n				cx[u]=v;cy[v]=u;\r\n				return 1;\r\n			}\r\n		}\r\n	return 0;\r\n}\r\nint maximumMatch(){\r\n	int i,ret=0;\r\n	memset(cx,0,sizeof(cx));memset(cy,0,sizeof(cy));\r\n	for(i=1;i<=nx;i++)if(!cx[i]){memset(sy,0,sizeof(sy));ret+=path(i);}\r\n	return ret;\r\n}\r\nint main(){\r\n	nx=ny=15;\r\n	char tmp[20];\r\n	while(1){\r\n		edge=0;\r\n		scanf(\"%s\",tmp);\r\n		if(tmp[0]==\'E\')break;\r\n		memset(g,0,sizeof(g));\r\n		for(int i=0;i<15;i++){\r\n			if(tmp[i]==\'#\'){\r\n				g[1][i+1]=1;\r\n				edge++;\r\n			}\r\n		}\r\n		for(int i=2;i<=15;i++){\r\n			scanf(\"%s\",tmp);\r\n			for(int j=1;j<=15;j++){\r\n				if(tmp[j-1]==\'#\'){\r\n					g[i][j]=1;\r\n				}\r\n			}\r\n		}\r\n		m=maximumMatch();\r\n		printf(\"%d\\n\",edge-m);\r\n	}\r\n	return 0;\r\n}'),(165,2,3,4,1,0,664,'2010-04-02 10:37:33','#include <iostream>\r\n#include <cstdio>\r\n#include <memory.h>\r\nusing namespace std;\r\n#define MAXN 30\r\nint nx,ny,m,edge,g[MAXN][MAXN],sy[MAXN],cx[MAXN],cy[MAXN];\r\nint path(int u){\r\n	for(int v=1;v<=ny;v++)\r\n		if(g[u][v]&&!sy[v]){\r\n			sy[v]=1;\r\n			if(!cy[v]||path(cy[v])){\r\n				cx[u]=v;cy[v]=u;\r\n				return 1;\r\n			}\r\n		}\r\n	return 0;\r\n}\r\nint maximumMatch(){\r\n	int i,ret=0;\r\n	memset(cx,0,sizeof(cx));memset(cy,0,sizeof(cy));\r\n	for(i=1;i<=nx;i++)if(!cx[i]){memset(sy,0,sizeof(sy));ret+=path(i);}\r\n	return ret;\r\n}\r\nint main(){\r\n	nx=ny=15;\r\n	char tmp[20];\r\n	while(1){\r\n		edge=0;\r\n		scanf(\"%s\",tmp);\r\n		if(tmp[0]==\'E\')break;\r\n		memset(g,0,sizeof(g));\r\n		for(int i=0;i<15;i++){\r\n			if(tmp[i]==\'#\'){\r\n				g[1][i+1]=1;\r\n				edge++;\r\n			}\r\n		}\r\n		for(int i=2;i<=15;i++){\r\n			scanf(\"%s\",tmp);\r\n			for(int j=1;j<=15;j++){\r\n				if(tmp[j-1]==\'#\'){\r\n					g[i][j]=1;\r\n					edge++;\r\n				}\r\n			}\r\n		}\r\n		m=maximumMatch();\r\n		printf(\"%d\\n\",edge-m);\r\n	}\r\n	return 0;\r\n}'),(166,1,22,4,2,4,704,'2010-04-06 20:01:09','#include <stdio.h>\r\n\r\nmain()\r\n{\r\n    int a,b;\r\n    scanf(\"%d %d\",&a,&b);\r\n    printf(\"%d\\n\",a+b);\r\n}'),(167,1,22,4,2,4,704,'2010-04-06 20:02:09','#include <stdio.h>\r\n\r\nmain()\r\n{\r\n    int a,b;\r\n    scanf(\"%d %d\",&a,&b);\r\n    printf(\"%d\\n\",a+b);\r\n}'),(168,1,23,7,1,NULL,NULL,'2010-04-09 19:32:06','asdfasdf'),(169,1,23,4,1,0,712,'2010-04-09 19:43:04','#include <stdio.h>\r\n\r\nint main(){\r\n  int a, b, c;\r\n  scanf(\"%d%d\", &a, &b);\r\n  printf(\"%d\\n\", a + b);\r\n  return 0;\r\n}\r\n\r\n'),(170,1,23,3,1,4,716,'2010-04-09 19:44:19','#include <stdio.h>\r\n\r\nint main(){\r\n  int a, b;\r\n  while(scanf(\"%d%d\", &a, &b) != EOF){\r\n    printf(\"%d\\n\", a + b);\r\n  }\r\n}\r\n\r\n'),(175,1,25,7,3,NULL,NULL,'2010-05-15 21:52:18','/**\r\n *\r\n * @author MicroSky\r\n */\r\npublic class Main {\r\n\r\n    /**\r\n     * @param args the command line arguments\r\n     */\r\n    public static void main(String[] args) {\r\n        // TODO code application logic here\r\n        Scanner scan=new Scanner(System.in);\r\n        int a,b;\r\n        while(scan.hasNext()){\r\n            a=scan.nextInt();\r\n            b=scan.nextInt();\r\n            System.out.println(a+b);\r\n        }\r\n    }\r\n\r\n}\r\n'),(171,2,23,3,1,848,660,'2010-04-09 23:17:00','#include <iostream>\r\n#include <cmath>\r\n#include <cstdio>\r\n#include <cstring>\r\nusing namespace std;\r\nconst int R=15,C=15;\r\nint i;\r\nchar g[16][16];\r\nint cnt[16];\r\nint count(int v){ //计算一个数化成2进制后1的个数 \r\n    int num = 0; while(v){ v &= (v-1); num++; } return num;\r\n}\r\nint run() {\r\n  for(i=0; i<R; i++) {\r\n    scanf(\"%s\",g[i]);\r\n    if (g[i][0]==\'E\') return 0;\r\n  }\r\n  int ans = 15;\r\n  int to=1<<R;\r\n  for(int i=0; i<to; i++){ //枚举行状态 \r\n    memset(cnt,0,64);\r\n    for(int j=0; j<R; j++) if( ((1<<j)&i)==0 ){ //看没有枚举到的行还需要几个 \r\n        for(int k=0; k<C; k++) if(g[j][k]==\'#\') cnt[k]=1;\r\n    }\r\n    int now = 0;\r\n    for(int j=0; j<C; j++) now+=cnt[j];\r\n    now=max(now, count(i)); //如果还需要的小于行状态数，行就可以分开移动覆盖，反之反覆盖 \r\n    ans=min(ans, now);\r\n  }\r\n  printf(\"%d\\n\",ans);\r\n  return 1;\r\n}\r\nint main() {\r\n  while ( run() );\r\n  return 0;\r\n}'),(172,2,23,3,1,828,656,'2010-04-10 09:28:00','#include <iostream>\r\n#include <cmath>\r\n#include <cstdio>\r\n#include <cstring>\r\nusing namespace std;\r\nconst int R=15,C=15;\r\nint i;\r\nchar g[16][16];\r\nint cnt[16];\r\nint count(int v){ //计算一个数化成2进制后1的个数\r\n    int num = 0; while(v){ v &= (v-1); num++; } return num;\r\n}\r\nint run() {\r\n  for(i=0; i<R; i++) {\r\n    scanf(\"%s\",g[i]);\r\n    if (g[i][0]==\'E\') return 0;\r\n  }\r\n  int ans = 15;\r\n  int to=1<<R;\r\n  for(int i=0; i<to; i++){ //枚举行状态\r\n    memset(cnt,0,64);\r\n    for(int j=0; j<R; j++) if( ((1<<j)&i)==0 ){ //看没有枚举到的行还需要几个\r\n        for(int k=0; k<C; k++) if(g[j][k]==\'#\') cnt[k]=1;\r\n    }\r\n    int now = 0;\r\n    for(int j=0; j<C; j++) now+=cnt[j];\r\n    now=max(now, count(i)); //如果还需要的小于行状态数，行就可以分开移动覆盖，反之反覆盖\r\n    ans=min(ans, now);\r\n  }\r\n  printf(\"%d\\n\",ans);\r\n  return 1;\r\n}\r\nint main() {\r\n  while ( run() );\r\n  return 0;\r\n}'),(173,2,23,3,1,908,656,'2010-04-10 09:32:24','#include <iostream>\r\n#include <cmath>\r\n#include <cstdio>\r\n#include <cstring>\r\nusing namespace std;\r\nconst int R=15,C=15;\r\nint i;\r\nchar g[16][16];\r\nint cnt[16];\r\nint count(int v){ //计算一个数化成2进制后1的个数\r\n    int num = 0; while(v){ v &= (v-1); num++; } return num;\r\n}\r\nint run() {\r\n  for(i=0; i<R; i++) {\r\n    scanf(\"%s\",g[i]);\r\n    if (g[i][0]==\'E\') return 0;\r\n  }\r\n  int ans = 15;\r\n  int to=1<<R;\r\n  for(int i=0; i<to; i++){ //枚举行状态\r\n    memset(cnt,0,64);\r\n    for(int j=0; j<R; j++) if( ((1<<j)&i)==0 ){ //看没有枚举到的行还需要几个\r\n        for(int k=0; k<C; k++) if(g[j][k]==\'#\') cnt[k]=1;\r\n    }\r\n    int now = 0;\r\n    for(int j=0; j<C; j++) now+=cnt[j];\r\n    now=max(now, count(i)); //如果还需要的小于行状态数，行就可以分开移动覆盖，反之反覆盖\r\n    ans=min(ans, now);\r\n  }\r\n  printf(\"%d\\n\",ans);\r\n  return 1;\r\n}\r\nint main() {\r\n  while ( run() );\r\n  return 0;\r\n}'),(174,2,23,3,1,800,660,'2010-04-10 09:40:06','#include <iostream>\r\n#include <cmath>\r\n#include <cstdio>\r\n#include <cstring>\r\nusing namespace std;\r\nconst int R=15,C=15;\r\nint i;\r\nchar g[16][16];\r\nint cnt[16];\r\nint count(int v){ //计算一个数化成2进制后1的个数\r\n    int num = 0; while(v){ v &= (v-1); num++; } return num;\r\n}\r\nint run() {\r\n  for(i=0; i<R; i++) {\r\n    scanf(\"%s\",g[i]);\r\n    if (g[i][0]==\'E\') return 0;\r\n  }\r\n  int ans = 15;\r\n  int to=1<<R;\r\n  for(int i=0; i<to; i++){ //枚举行状态\r\n    memset(cnt,0,64);\r\n    for(int j=0; j<R; j++) if( ((1<<j)&i)==0 ){ //看没有枚举到的行还需要几个\r\n        for(int k=0; k<C; k++) if(g[j][k]==\'#\') cnt[k]=1;\r\n    }\r\n    int now = 0;\r\n    for(int j=0; j<C; j++) now+=cnt[j];\r\n    now=max(now, count(i)); //如果还需要的小于行状态数，行就可以分开移动覆盖，反之反覆盖\r\n    ans=min(ans, now);\r\n  }\r\n  printf(\"%d\\n\",ans);\r\n  return 1;\r\n}\r\nint main() {\r\n  while ( run() );\r\n  return 0;\r\n}'),(176,1,3,3,1,4,872,'2010-06-03 12:50:17','#include <iostream>\r\nusing namespace std;\r\nint main(){\r\nint a,b;\r\nwhile(cin>>a>>b)cout<<a+b<<endl;\r\nreturn 0;\r\n}'),(202,1,27,3,1,0,640,'2010-06-05 19:49:55','#include<iostream>\r\nusing namespace std;\r\nint main()\r\n{\r\nint a,b;\r\nwhile(cin>>a>>b)\r\n{\r\ncout<<a+b<<endl;\r\n}\r\nreturn 0;\r\n}'),(177,1,3,9,1,NULL,NULL,'2010-06-03 12:50:42','#include <iostream>\r\nusing namespace std;\r\nint main(){\r\n  int a,b;\r\n  while(cin>>a>>b)cout<<a+b<<endl;\r\n  return 1;\r\n}'),(178,1,3,9,1,NULL,NULL,'2010-06-03 12:51:47','#include <iostream>\r\nusing namespace std;\r\nint main(){\r\n    int a,b;\r\n    while(cin>>a>>b)cout<<a+b<<endl;\r\n    return 1;\r\n}'),(179,1,3,3,3,152,15800,'2010-06-03 14:14:32','import java.util.*;\r\npublic class Main{\r\n    public static void main(String[] args){\r\n        Scanner cin=new Scanner(System.in);\r\n        while(cin.hasNextInt()){\r\n            int a=cin.nextInt();\r\n            int b=cin.nextInt();\r\n            System.out.println(a+b);\r\n        }\r\n    }\r\n}\r\n'),(180,1,3,7,3,NULL,NULL,'2010-06-03 14:15:23','import java.util.*;\r\npublic class Main{\r\n    public static void main(String[] args){\r\n        Scanner cin=new Scanner(System.in);\r\n        while(true);\r\n        while(cin.hasNextInt()){\r\n            int a=cin.nextInt();\r\n            int b=cin.nextInt();\r\n            System.out.println(a+b);\r\n        }\r\n    }\r\n}\r\n'),(181,1,3,7,3,NULL,NULL,'2010-06-03 14:27:58','import java.util.*;\r\npublic class Main{\r\n    public static void main(String[] args){\r\n        Scanner cin=new Scanner(System.in);lsiejfoqwei aisejfoap ioeasjfeoasi iosaefjaosilsiefj as eifasjope flsaef iaosjf aiefja;sif asioefja;siefa ief aisef ;\r\n        while(cin.hasNextInt()){\r\n            int a=cin.nextInt();\r\n            int b=cin.nextInt();\r\n            System.out.println(a+b);\r\n        }\r\n    }\r\n} '),(182,1,3,3,3,152,15820,'2010-06-03 15:00:16','import java.util.*;\r\n\r\npublic class Main{\r\n\r\n    public static void main(String[] args){\r\n\r\n        Scanner cin=new Scanner(System.in);\r\n        int i,j=0;\r\n	    while(cin.hasNextInt()){\r\n\r\n			for(i=0;i<1000000000;i++){        \r\n				int a=cin.nextInt();\r\n\r\n			    int b=cin.nextInt();\r\n\r\n			    System.out.println(a+b);\r\n			    j++;\r\n	        }\r\n\r\n	    }\r\n        System.out.println(j);\r\n\r\n    }\r\n\r\n}\r\n'),(183,1,3,3,3,148,15824,'2010-06-03 15:31:38','import java.util.*;\r\n\r\npublic class Main{\r\n\r\n    public static void main(String[] args){\r\n\r\n        Scanner cin=new Scanner(System.in);\r\n        int i,j=0;\r\n	    while(cin.hasNextInt()){\r\n\r\n			for(i=0;i<1000000000;i++){        \r\n				int a=cin.nextInt();\r\n\r\n			    int b=cin.nextInt();\r\n\r\n			    System.out.println(a+b);\r\n			    j++;\r\n	        }\r\n\r\n	    }\r\n        System.out.println(j);\r\n\r\n    }\r\n\r\n}\r\n'),(184,1,3,3,3,164,15828,'2010-06-03 15:50:08','import java.util.*;\r\n\r\npublic class Main{\r\n\r\n    public static void main(String[] args){\r\n\r\n        Scanner cin=new Scanner(System.in);\r\n        int i,j=0;\r\n	    while(cin.hasNextInt()){\r\n\r\n			for(i=0;i<1000000000;i++){        \r\n				int a=cin.nextInt();\r\n\r\n			    int b=cin.nextInt();\r\n\r\n			    System.out.println(a+b);\r\n			    j++;\r\n	        }\r\n\r\n	    }\r\n        System.out.println(j);\r\n\r\n    }\r\n\r\n}\r\n'),(185,1,3,4,1,0,712,'2010-06-03 15:51:28','#include <stdio.h>\r\nint main(){\r\nint a,b;\r\nwhile(scanf(\"%d%d\",&a,&b)!=EOF){printf(\"%d\'\\n\",a+b);}\r\nreturn 0;\r\n}'),(186,1,3,4,1,0,716,'2010-06-03 16:07:27','#include <stdio.h>\r\nint main(){\r\n    int a,b;\r\n    while(scanf(\"%d%d\",&a,&b)!=EOF){\r\n        printf(\"%d\'\\n\",a+b);\r\n    }\r\n    return 0;\r\n}'),(187,1,3,3,1,0,712,'2010-06-03 16:07:44','#include <stdio.h>\r\nint main(){\r\n   int a,b;\r\n   while(scanf(\"%d%d\",&a,&b)!=EOF){\r\n       printf(\"%d\\n\",a+b);\r\n   }\r\n   return 0;\r\n}'),(188,1,3,7,1,NULL,NULL,'2010-06-03 16:22:00','import java.util.*;\r\npublic class Main{\r\n   public static void main(String[] args){\r\n       Scanner cin=new Scanner(System.in);\r\n       int i,j=0;\r\n        while(cin.hasNextInt()){\r\n            for(i=0;i<100000000;i++){        \r\n                int a=cin.nextInt();\r\n                int b=cin.nextInt();\r\n                System.out.println(a+b);\r\n                j=(j+1)%1000;\r\n            }\r\n        }\r\n       System.out.println(j);\r\n   }\r\n}'),(189,1,3,3,3,208,20972,'2010-06-03 16:22:30','import java.util.*;\r\npublic class Main{\r\n  public static void main(String[] args){\r\n      Scanner cin=new Scanner(System.in);\r\n      int i,j=0;\r\n       while(cin.hasNextInt()){\r\n           for(i=0;i<100000000;i++){        \r\n               int a=cin.nextInt();\r\n               int b=cin.nextInt();\r\n               System.out.println(a+b);\r\n               j=(j+1)%1000;\r\n           }\r\n       }\r\n      System.out.println(j);\r\n  }\r\n}'),(190,1,3,7,3,NULL,NULL,'2010-06-03 16:23:22','import java.util.*;\r\npublic class Main{\r\n public static void main(String[] args){\r\n     Scanner cin=new Scanner(System.in);\r\n     int i,j=0;\r\n      while(cin.hasNextInt()){\r\n          for(i=0;i<100000;i++){        \r\n              int a=cin.nextInt();\r\n              int b=cin.nextInt();\r\n              j=(j+1)%1000;\r\n          }\r\n          System.out.println(a+b);\r\n     }\r\n     System.out.println(j);\r\n }\r\n}'),(191,1,3,4,3,252,20972,'2010-06-03 16:24:07','import java.util.*;\r\npublic class Main{\r\npublic static void main(String[] args){\r\n    Scanner cin=new Scanner(System.in);\r\n    int i,j=0;\r\n     while(cin.hasNextInt()){\r\n         int a=cin.nextInt();\r\n         int b=cin.nextInt();\r\n         for(i=0;i<100000;i++){        \r\n             j=(j+1)%1000;\r\n         }\r\n         System.out.println(a+b);\r\n    }\r\n    System.out.println(j);\r\n}\r\n}\r\n'),(192,1,3,3,3,256,20980,'2010-06-03 16:27:06','import java.util.*;\r\npublic class Main{\r\npublic static void main(String[] args){\r\n   Scanner cin=new Scanner(System.in);\r\n   int i,j=0;\r\n    while(cin.hasNextInt()){\r\n        int a=cin.nextInt();\r\n        int b=cin.nextInt();\r\n        for(i=0;i<100000;i++){        \r\n            j=(j+1)%1000;\r\n        }\r\n        System.out.println(a+b);\r\n   }\r\n}\r\n}\r\n'),(193,1,3,3,3,460,20968,'2010-06-03 16:27:32','import java.util.*;\r\npublic class Main{\r\npublic static void main(String[] args){\r\n  Scanner cin=new Scanner(System.in);\r\n  int i,j=0;\r\n   while(cin.hasNextInt()){\r\n       int a=cin.nextInt();\r\n       int b=cin.nextInt();\r\n       for(i=0;i<1000000;i++){        \r\n           j=(j+1)%1000;\r\n       }\r\n       System.out.println(a+b);\r\n  }\r\n}\r\n} '),(194,1,3,5,3,NULL,NULL,'2010-06-03 16:27:58','import java.util.*;\r\npublic class Main{\r\npublic static void main(String[] args){\r\n Scanner cin=new Scanner(System.in);\r\n int i,j=0;\r\n  while(cin.hasNextInt()){\r\n      int a=cin.nextInt();\r\n      int b=cin.nextInt();\r\n      for(i=0;i<100000000;i++){        \r\n          j=(j+1)%1000;\r\n      }\r\n      System.out.println(a+b);\r\n }\r\n}\r\n}'),(195,1,3,5,3,NULL,NULL,'2010-06-03 16:30:41','public class Main{\r\n    public static void main(String args[]){\r\n        while(true){\r\n            int[] a=new int[1000];\r\n        }\r\n    }\r\n}'),(196,1,3,5,3,NULL,NULL,'2010-06-03 16:31:22','public class Main{\r\n   public static void main(String args[]){\r\n       while(true){\r\n           int[] a=new int[10000000];\r\n       }\r\n   }\r\n}'),(197,1,3,4,3,288,20864,'2010-06-03 16:34:31','public class Main{\r\n   public static void main(String args[]){\r\n       int[] a=new int[1000000000];\r\n   }\r\n}'),(198,1,3,4,3,236,20840,'2010-06-03 17:10:51','public class Main{\r\n  public static void main(String args[]){\r\n      int[] a=new int[100000000];\r\n  }\r\n}'),(199,1,3,4,3,284,59632,'2010-06-03 17:11:07','public class Main{\r\n public static void main(String args[]){\r\n     int[] a=new int[10000000];\r\n }\r\n}'),(200,1,3,4,3,340,98924,'2010-06-03 17:11:38','public class Main{\r\npublic static void main(String args[]){\r\n    int[] a=new int[20000000];\r\n}\r\n}'),(201,1,3,3,3,204,20988,'2010-06-04 19:15:51','import java.util.*;\r\npublic class Main{\r\n   public static void main(String[] args){\r\n       Scanner cin=new Scanner(System.in);\r\n       while(cin.hasNextInt()){\r\n           int a=cin.nextInt();\r\n           int b=cin.nextInt();\r\n           System.out.println(a+b);\r\n       }\r\n   }\r\n} '),(203,1,27,7,2,NULL,NULL,'2010-06-05 20:06:24','#include<con>'),(204,1,27,7,2,NULL,NULL,'2010-06-05 20:06:40','\r\n#include<con>'),(205,1,3,4,4,4,364,'2010-06-05 21:28:08','program p1000(Input,Output);\r\n\r\nvar\r\n  a,b:Integer;\r\nbegin\r\n   Readln(a,b);\r\n   Writeln(a+b);\r\nend.'),(206,1,3,3,4,4,360,'2010-06-05 22:14:43','program p1001(Input,Output); \r\nvar \r\n  a,b:Integer; \r\nbegin \r\n   while not eof(Input) do \r\n     begin \r\n       Readln(a,b); \r\n       Writeln(a+b); \r\n     end; \r\nend.\r\n'),(207,1,3,3,1,0,480,'2010-06-06 11:57:37','#include <stdio.h>\r\nint main(){\r\n  int a,b;\r\n  while(scanf(\"%d%d\",&a,&b)!=EOF){\r\n      printf(\"%d\\n\",a+b);\r\n  }\r\n  return 0;\r\n}'),(208,1,3,6,3,NULL,NULL,'2010-06-08 18:19:49','public class Main{\r\npublic static void main(String args[]){\r\n   int[] a=new int[100000000];\r\n}\r\n}'),(209,1,25,7,3,NULL,NULL,'2010-06-08 20:37:12','</td><a href=\"www.baidu.com\">1</a><td>'),(210,1,25,3,3,188,20920,'2010-06-08 20:39:09','\r\n/** \r\n* \r\n* @author MicroSky \r\n*/ \r\nimport java.util.*;\r\npublic class Main { \r\n\r\n   /** \r\n    * @param args the command line arguments \r\n    */ \r\n   public static void main(String[] args) { \r\n       // TODO code application logic here \r\n       Scanner scan=new Scanner(System.in); \r\n       int a,b; \r\n       while(scan.hasNext()){ \r\n           a=scan.nextInt(); \r\n           b=scan.nextInt(); \r\n           System.out.println(a+b); \r\n       } \r\n   } \r\n\r\n} '),(211,2,25,4,3,348,22692,'2010-06-08 20:52:33','\r\nimport java.util.Scanner;\r\n\r\n/**\r\n *\r\n * @author MicroSky\r\n */\r\npublic class Main {\r\n\r\n    /**\r\n     * @param args the command line arguments\r\n     */\r\n    public static void main(String[] args) {\r\n        // TODO code application logic here\r\n        Scanner scan=new Scanner(System.in);\r\n        String line;\r\n        line=scan.nextLine();\r\n        int x,y;\r\n        int posY[];\r\n        boolean canX;\r\n        while(line.equals(\"END\")==false){\r\n            x=0;y=0;\r\n            posY=new int[15];\r\n            for(int j=0;j<15;++j){\r\n                posY[j]=0;\r\n            }\r\n            for(int i=0;i<15;i++){\r\n                canX=false;\r\n                for(int j=0;j<15;++j){\r\n                    if(line.charAt(j)==\'#\' && posY[j]==0){\r\n                        posY[j]=1;\r\n                        y++;\r\n                        canX=true;\r\n                    }\r\n                }\r\n                if(canX){\r\n                    x++;\r\n                }\r\n                line=scan.nextLine();\r\n            }\r\n            System.out.println(x>y?x:y);\r\n        }\r\n    }\r\n}\r\n'),(212,2,25,4,3,308,22776,'2010-06-08 21:11:12','\r\n\r\n\r\n\r\nimport java.util.Scanner;\r\n\r\n/**\r\n *\r\n * @author MicroSky\r\n */\r\npublic class Main {\r\n\r\n    /**\r\n     * @param args the command line arguments\r\n     */\r\n    public static void main(String[] args) {\r\n        // TODO code application logic here\r\n        Scanner scan = new Scanner(System.in);\r\n        String line;\r\n        line = scan.nextLine();\r\n        String s[]=new String[15];\r\n\r\n        int times[][];\r\n\r\n        while (line.equals(\"END\") == false) {\r\n\r\n            times = new int[15][15];\r\n            for (int j = 0; j < 15; ++j) {\r\n                for (int i = 0; i < 15; i++) {\r\n                    times[i][j] = 0;\r\n                }\r\n            }\r\n            for (int i = 0; i < 15; i++) {\r\n                for (int j = 0; j < 15; ++j) {\r\n                    if (line.charAt(j) == \'#\') {\r\n                        for (int k = 0; k < 15; k++) {\r\n                            times[k][j]++;\r\n                            times[i][k]++;\r\n                        }\r\n                        times[i][j]--;\r\n                    }\r\n                }\r\n                s[i]=line;\r\n                line = scan.nextLine();\r\n            }\r\n            int max = -1, x=0, y=0;\r\n            int answer = 0;\r\n            while (max != 0) {\r\n                max = 0;\r\n                for (int i = 0; i < 15; i++) {\r\n                    for (int j = 0; j < 15; ++j) {\r\n                        if (times[i][j] > max || (times[i][j]==max && s[i].charAt(j)==\'#\') ) {\r\n                            max = times[i][j];\r\n                            x = i;\r\n                            y = j;\r\n                        }\r\n                    }\r\n                }\r\n                if (max > 0) {\r\n                    for (int k = 0; k < 15; k++) {\r\n                        times[k][y]--;\r\n                        times[x][k]--;\r\n                    }\r\n                    times[x][y]++;\r\n                    answer++;\r\n                }\r\n\r\n            }\r\n            System.out.println(answer);\r\n        }\r\n    }\r\n}\r\n'),(213,2,25,4,3,300,22856,'2010-06-08 21:14:52','\r\n\r\n\r\nimport java.util.Scanner;\r\n\r\n/**\r\n *\r\n * @author MicroSky\r\n */\r\npublic class Main {\r\n\r\n    /**\r\n     * @param args the command line arguments\r\n     */\r\n    public static void main(String[] args) {\r\n        // TODO code application logic here\r\n        Scanner scan = new Scanner(System.in);\r\n        String line;\r\n        line = scan.nextLine();\r\n        String s[]=new String[15];\r\n\r\n        int times[][];\r\n\r\n        while (line.equals(\"END\") == false) {\r\n\r\n            times = new int[15][15];\r\n            for (int j = 0; j < 15; ++j) {\r\n                for (int i = 0; i < 15; i++) {\r\n                    times[i][j] = 0;\r\n                }\r\n            }\r\n            for (int i = 0; i < 15; i++) {\r\n                for (int j = 0; j < 15; ++j) {\r\n                    if (line.charAt(j) == \'#\') {\r\n                        for (int k = 0; k < 15; k++) {\r\n                            times[k][j]++;\r\n                            times[i][k]++;\r\n                        }\r\n                        times[i][j]--;\r\n                    }\r\n                }\r\n                s[i]=line;\r\n                line = scan.nextLine();\r\n            }\r\n            int max = -1, x=0, y=0;\r\n            int answer = 0;\r\n            while (max != 0) {\r\n                max = 0;\r\n                for (int i = 0; i < 15; i++) {\r\n                    for (int j = 0; j < 15; ++j) {\r\n                        if (times[i][j] > max || (times[i][j]==max && s[i].charAt(j)==\'#\') ) {\r\n                            max = times[i][j];\r\n                            x = i;\r\n                            y = j;\r\n                        }\r\n                    }\r\n                }\r\n                if (max > 0) {\r\n                    for (int k = 0; k < 15; k++) {\r\n                        times[k][y]--;\r\n                        if( s[k].charAt(y)==\'#\'){\r\n                            for(int i=0;i<15;++i){\r\n                                times[k][i]--;\r\n                                times[i][y]--;\r\n                            }\r\n                            times[k][y]++;\r\n                        }\r\n                        times[x][k]--;\r\n                        if( s[x].charAt(k)==\'#\'){\r\n                            for(int i=0;i<15;++i){\r\n                                times[x][i]--;\r\n                                times[i][k]--;\r\n                            }\r\n                            times[x][k]++;\r\n                        }\r\n                    }\r\n                    times[x][y]++;\r\n                    answer++;\r\n                }\r\n\r\n            }\r\n            System.out.println(answer);\r\n        }\r\n    }\r\n}\r\n'),(214,2,25,7,1,NULL,NULL,'2010-06-08 21:19:29','二分图匹配\r\n\r\n\r\n#include<iostream> \r\n#include<cstdio> \r\n#include<algorithm> \r\n#include<cstring> \r\n#include<cmath> \r\n#include<vector> \r\n#include<queue> \r\nusing namespace std; \r\n#define N 16 \r\n#define R 15 \r\nchar s[N][N]; \r\nstruct node \r\n{ \r\n    int mp[N][N]; \r\n}tmp,tt; \r\nint get_1(int x) \r\n{ \r\n    int k; \r\n    for(k=0;x;k++) \r\n    { \r\n        x=x&(x-1); \r\n    } \r\n    return k; \r\n} \r\nint main() \r\n{ \r\n    #ifndef ONLINE_JUDGE \r\n    freopen(\"a.txt\",\"r\",stdin); \r\n    #endif \r\n    while(scanf(\"%s\",s[0])!=EOF) \r\n    { \r\n        if(s[0][0]==\'E\') \r\n        break; \r\n        for(int i=1;i<R;i++) \r\n        scanf(\"%s\",s[i]); \r\n        for(int i=0;i<R;i++) \r\n        { \r\n            for(int j=0;j<R;j++) \r\n            { \r\n                if(s[i][j]==\'#\') \r\n                { \r\n                    tmp.mp[i][j]=1; \r\n                } \r\n                else \r\n                tmp.mp[i][j]=0; \r\n            } \r\n        } \r\n        int goal=(1<<R); \r\n        int ans=2000; \r\n        int num1,num2; \r\n        for(int i=0;i<goal;i++) // i 为枚举再横上面出现的点 \r\n        //如果是1则有，0则没有  \r\n        { \r\n            tt=tmp; \r\n            num1=0,num2=0; \r\n            num1=get_1(i);  \r\n            for(int j=0;j<R;j++) //找出再这种情况下需要多少列  \r\n            { \r\n                if(i&(1<<j)) \r\n                { \r\n                    for(int k=0;k<R;k++) \r\n                    { \r\n                        tt.mp[j][k]=0; \r\n                    } \r\n                } \r\n            } \r\n            num2=0; \r\n            for(int j=0;j<R;j++) \r\n            { \r\n                for(int k=0;k<R;k++) \r\n                { \r\n                    if(tt.mp[k][j]==1) \r\n                    { \r\n                        num2++; \r\n                        break; \r\n                    } \r\n                } \r\n            } \r\n            //这里如果 横的比列的少,那么答案就是横的,否则就是列的 \r\n            // 因为横的可以排任意列，列的也可以排任意横 \r\n            //所以是少的哪一种  \r\n            if(num1<num2) \r\n            { \r\n                ans=min(ans,num2); \r\n            } \r\n            else \r\n            { \r\n                ans=min(ans,num1); \r\n            } \r\n        } \r\n        printf(\"%d\\n\",ans); \r\n    } \r\n    #ifndef ONLINE_JUDGE \r\n    while(1); \r\n    #endif \r\n    return 0; \r\n} '),(215,2,25,5,1,NULL,NULL,'2010-06-08 21:20:33','//二分图匹配\r\n\r\n\r\n#include<iostream>\r\n#include<cstdio>\r\n#include<algorithm>\r\n#include<cstring>\r\n#include<cmath>\r\n#include<vector>\r\n#include<queue>\r\nusing namespace std;\r\n#define N 16\r\n#define R 15\r\nchar s[N][N];\r\nstruct node\r\n{\r\n   int mp[N][N];\r\n}tmp,tt;\r\nint get_1(int x)\r\n{\r\n   int k;\r\n   for(k=0;x;k++)\r\n   {\r\n       x=x&(x-1);\r\n   }\r\n   return k;\r\n}\r\nint main()\r\n{\r\n   #ifndef ONLINE_JUDGE\r\n   freopen(\"a.txt\",\"r\",stdin);\r\n   #endif\r\n   while(scanf(\"%s\",s[0])!=EOF)\r\n   {\r\n       if(s[0][0]==\'E\')\r\n       break;\r\n       for(int i=1;i<R;i++)\r\n       scanf(\"%s\",s[i]);\r\n       for(int i=0;i<R;i++)\r\n       {\r\n           for(int j=0;j<R;j++)\r\n           {\r\n               if(s[i][j]==\'#\')\r\n               {\r\n                   tmp.mp[i][j]=1;\r\n               }\r\n               else\r\n               tmp.mp[i][j]=0;\r\n           }\r\n       }\r\n       int goal=(1<<R);\r\n       int ans=2000;\r\n       int num1,num2;\r\n       for(int i=0;i<goal;i++) // i 为枚举再横上面出现的点\r\n       //如果是1则有，0则没有\r\n       {\r\n           tt=tmp;\r\n           num1=0,num2=0;\r\n           num1=get_1(i);\r\n           for(int j=0;j<R;j++) //找出再这种情况下需要多少列\r\n           {\r\n               if(i&(1<<j))\r\n               {\r\n                   for(int k=0;k<R;k++)\r\n                   {\r\n                       tt.mp[j][k]=0;\r\n                   }\r\n               }\r\n           }\r\n           num2=0;\r\n           for(int j=0;j<R;j++)\r\n           {\r\n               for(int k=0;k<R;k++)\r\n               {\r\n                   if(tt.mp[k][j]==1)\r\n                   {\r\n                       num2++;\r\n                       break;\r\n                   }\r\n               }\r\n           }\r\n           //这里如果 横的比列的少,那么答案就是横的,否则就是列的\r\n           // 因为横的可以排任意列，列的也可以排任意横\r\n           //所以是少的哪一种\r\n           if(num1<num2)\r\n           {\r\n               ans=min(ans,num2);\r\n           }\r\n           else\r\n           {\r\n               ans=min(ans,num1);\r\n           }\r\n       }\r\n       printf(\"%d\\n\",ans);\r\n   }\r\n   #ifndef ONLINE_JUDGE\r\n   while(1);\r\n   #endif\r\n   return 0;\r\n}\r\n'),(216,2,25,5,1,NULL,NULL,'2010-06-08 21:21:43','//二分图匹配\r\n\r\n\r\n#include<iostream>\r\n#include<cstdio>\r\n#include<algorithm>\r\n#include<cstring>\r\n#include<cmath>\r\n#include<vector>\r\n#include<queue>\r\nusing namespace std;\r\n#define N 16\r\n#define R 15\r\nchar s[N][N];\r\nstruct node\r\n{\r\n   int mp[N][N];\r\n}tmp,tt;\r\nint get_1(int x)\r\n{\r\n   int k;\r\n   for(k=0;x;k++)\r\n   {\r\n       x=x&(x-1);\r\n   }\r\n   return k;\r\n}\r\nint main()\r\n{\r\n\r\n   while(scanf(\"%s\",s[0])!=EOF)\r\n   {\r\n       if(s[0][0]==\'E\')\r\n       break;\r\n       for(int i=1;i<R;i++)\r\n       scanf(\"%s\",s[i]);\r\n       for(int i=0;i<R;i++)\r\n       {\r\n           for(int j=0;j<R;j++)\r\n           {\r\n               if(s[i][j]==\'#\')\r\n               {\r\n                   tmp.mp[i][j]=1;\r\n               }\r\n               else\r\n               tmp.mp[i][j]=0;\r\n           }\r\n       }\r\n       int goal=(1<<R);\r\n       int ans=2000;\r\n       int num1,num2;\r\n       for(int i=0;i<goal;i++) // i 为枚举再横上面出现的点\r\n       //如果是1则有，0则没有\r\n       {\r\n           tt=tmp;\r\n           num1=0,num2=0;\r\n           num1=get_1(i);\r\n           for(int j=0;j<R;j++) //找出再这种情况下需要多少列\r\n           {\r\n               if(i&(1<<j))\r\n               {\r\n                   for(int k=0;k<R;k++)\r\n                   {\r\n                       tt.mp[j][k]=0;\r\n                   }\r\n               }\r\n           }\r\n           num2=0;\r\n           for(int j=0;j<R;j++)\r\n           {\r\n               for(int k=0;k<R;k++)\r\n               {\r\n                   if(tt.mp[k][j]==1)\r\n                   {\r\n                       num2++;\r\n                       break;\r\n                   }\r\n               }\r\n           }\r\n           //这里如果 横的比列的少,那么答案就是横的,否则就是列的\r\n           // 因为横的可以排任意列，列的也可以排任意横\r\n           //所以是少的哪一种\r\n           if(num1<num2)\r\n           {\r\n               ans=min(ans,num2);\r\n           }\r\n           else\r\n           {\r\n               ans=min(ans,num1);\r\n           }\r\n       }\r\n       printf(\"%d\\n\",ans);\r\n   }\r\n\r\n   return 0;\r\n}\r\n'),(217,2,25,4,3,304,22748,'2010-06-08 21:26:12','import java.util.Scanner; \r\n\r\n/** \r\n* \r\n* @author MicroSky \r\n*/ \r\npublic class Main { \r\n\r\n   /** \r\n    * @param args the command line arguments \r\n    */ \r\n   public static void main(String[] args) { \r\n       // TODO code application logic here \r\n       Scanner scan=new Scanner(System.in); \r\n       String line; \r\n       line=scan.nextLine(); \r\n       int x,y; \r\n       int posY[]; \r\n       boolean canX; \r\n       while(line.equals(\"END\")==false){ \r\n           x=0;y=0; \r\n           posY=new int[15]; \r\n           for(int j=0;j<15;++j){ \r\n               posY[j]=0; \r\n           } \r\n           for(int i=0;i<15;i++){ \r\n               canX=false; \r\n               for(int j=0;j<15;++j){ \r\n                   if(line.charAt(j)==\'#\' && posY[j]==0){ \r\n                       posY[j]=1; \r\n                       y++; \r\n                       canX=true; \r\n                   } \r\n               } \r\n               if(canX){ \r\n                   x++; \r\n               } \r\n               line=scan.nextLine(); \r\n           } \r\n           System.out.println(x>y?y:x); \r\n       } \r\n   } \r\n} '),(218,2,25,9,3,NULL,NULL,'2010-06-08 21:35:57','package javaapplication1;\r\n\r\n\r\nimport java.util.Scanner;\r\n\r\n/**\r\n *\r\n * @author MicroSky\r\n */\r\npublic class Main {\r\n\r\n    /**\r\n     * @param args the command line arguments\r\n     */\r\n    public static void main(String[] args) {\r\n        // TODO code application logic here\r\n        Scanner scan = new Scanner(System.in);\r\n        String line;\r\n        line = scan.nextLine();\r\n        String s[]=new String[15];\r\n\r\n        int times[][];\r\n\r\n        while (line.equals(\"END\") == false) {\r\n\r\n            times = new int[15][15];\r\n            for (int j = 0; j < 15; ++j) {\r\n                for (int i = 0; i < 15; i++) {\r\n                    times[i][j] = 0;\r\n                }\r\n            }\r\n            for (int i = 0; i < 15; i++) {\r\n                for (int j = 0; j < 15; ++j) {\r\n                    if (line.charAt(j) == \'#\') {\r\n                        for (int k = 0; k < 15; k++) {\r\n                            times[k][j]++;\r\n                            times[i][k]++;\r\n                        }\r\n                        times[i][j]--;\r\n                    }\r\n                }\r\n                s[i]=line;\r\n                line = scan.nextLine();\r\n            }\r\n            int max = -1, x=0, y=0;\r\n            int answer = 0;\r\n            while (max != 0) {\r\n                max = 0;\r\n                for (int i = 0; i < 15; i++) {\r\n                    for (int j = 0; j < 15; ++j) {\r\n                        if (times[i][j] > max  ) {//|| (times[i][j]==max && s[i].charAt(j)==\'#\')\r\n                            max = times[i][j];\r\n                            x = i;\r\n                            y = j;\r\n                        }\r\n                    }\r\n                }\r\n                if (max > 0) {\r\n                    for (int k = 0; k < 15; k++) {\r\n                        times[k][y]--;\r\n                        if( s[k].charAt(y)==\'#\'){\r\n                            for(int i=0;i<15;++i){\r\n                                times[k][i]--;\r\n                                times[i][y]--;\r\n                            }\r\n                            times[k][y]++;\r\n                        }\r\n                        times[x][k]--;\r\n                        if( s[x].charAt(k)==\'#\'){\r\n                            for(int i=0;i<15;++i){\r\n                                times[x][i]--;\r\n                                times[i][k]--;\r\n                            }\r\n                            times[x][k]++;\r\n                        }\r\n                    }\r\n                    times[x][y]++;\r\n                    answer++;\r\n                }\r\n\r\n            }\r\n            System.out.println(answer);\r\n        }\r\n    }\r\n}\r\n'),(219,2,25,4,3,344,22864,'2010-06-08 21:36:06','\r\n\r\nimport java.util.Scanner;\r\n\r\n/**\r\n *\r\n * @author MicroSky\r\n */\r\npublic class Main {\r\n\r\n    /**\r\n     * @param args the command line arguments\r\n     */\r\n    public static void main(String[] args) {\r\n        // TODO code application logic here\r\n        Scanner scan = new Scanner(System.in);\r\n        String line;\r\n        line = scan.nextLine();\r\n        String s[]=new String[15];\r\n\r\n        int times[][];\r\n\r\n        while (line.equals(\"END\") == false) {\r\n\r\n            times = new int[15][15];\r\n            for (int j = 0; j < 15; ++j) {\r\n                for (int i = 0; i < 15; i++) {\r\n                    times[i][j] = 0;\r\n                }\r\n            }\r\n            for (int i = 0; i < 15; i++) {\r\n                for (int j = 0; j < 15; ++j) {\r\n                    if (line.charAt(j) == \'#\') {\r\n                        for (int k = 0; k < 15; k++) {\r\n                            times[k][j]++;\r\n                            times[i][k]++;\r\n                        }\r\n                        times[i][j]--;\r\n                    }\r\n                }\r\n                s[i]=line;\r\n                line = scan.nextLine();\r\n            }\r\n            int max = -1, x=0, y=0;\r\n            int answer = 0;\r\n            while (max != 0) {\r\n                max = 0;\r\n                for (int i = 0; i < 15; i++) {\r\n                    for (int j = 0; j < 15; ++j) {\r\n                        if (times[i][j] > max  ) {//|| (times[i][j]==max && s[i].charAt(j)==\'#\')\r\n                            max = times[i][j];\r\n                            x = i;\r\n                            y = j;\r\n                        }\r\n                    }\r\n                }\r\n                if (max > 0) {\r\n                    for (int k = 0; k < 15; k++) {\r\n                        times[k][y]--;\r\n                        if( s[k].charAt(y)==\'#\'){\r\n                            for(int i=0;i<15;++i){\r\n                                times[k][i]--;\r\n                                times[i][y]--;\r\n                            }\r\n                            times[k][y]++;\r\n                        }\r\n                        times[x][k]--;\r\n                        if( s[x].charAt(k)==\'#\'){\r\n                            for(int i=0;i<15;++i){\r\n                                times[x][i]--;\r\n                                times[i][k]--;\r\n                            }\r\n                            times[x][k]++;\r\n                        }\r\n                    }\r\n                    times[x][y]++;\r\n                    answer++;\r\n                }\r\n\r\n            }\r\n            System.out.println(answer);\r\n        }\r\n    }\r\n}\r\n'),(220,2,25,4,3,304,22852,'2010-06-08 21:36:43','\r\n\r\nimport java.util.Scanner;\r\n\r\n/**\r\n *\r\n * @author MicroSky\r\n */\r\npublic class Main {\r\n\r\n    /**\r\n     * @param args the command line arguments\r\n     */\r\n    public static void main(String[] args) {\r\n        // TODO code application logic here\r\n        Scanner scan = new Scanner(System.in);\r\n        String line;\r\n        line = scan.nextLine();\r\n        String s[]=new String[15];\r\n\r\n        int times[][];\r\n\r\n        while (line.equals(\"END\") == false) {\r\n\r\n            times = new int[15][15];\r\n            for (int j = 0; j < 15; ++j) {\r\n                for (int i = 0; i < 15; i++) {\r\n                    times[i][j] = 0;\r\n                }\r\n            }\r\n            for (int i = 0; i < 15; i++) {\r\n                for (int j = 0; j < 15; ++j) {\r\n                    if (line.charAt(j) == \'#\') {\r\n                        for (int k = 0; k < 15; k++) {\r\n                            times[k][j]++;\r\n                            times[i][k]++;\r\n                        }\r\n                        times[i][j]--;\r\n                    }\r\n                }\r\n                s[i]=line;\r\n                line = scan.nextLine();\r\n            }\r\n            int max = -1, x=0, y=0;\r\n            int answer = 0;\r\n            while (max != 0) {\r\n                max = 0;\r\n                for (int i = 0; i < 15; i++) {\r\n                    for (int j = 0; j < 15; ++j) {\r\n                        if (times[i][j] > max  ) {\r\n      //|| (times[i][j]==max && s[i].charAt(j)==\'#\')\r\n                            max = times[i][j];\r\n                            x = i;\r\n                            y = j;\r\n                        }\r\n                    }\r\n                }\r\n                if (max > 0) {\r\n                    for (int k = 0; k < 15; k++) {\r\n                        times[k][y]--;\r\n                        if( s[k].charAt(y)==\'#\'){\r\n                            for(int i=0;i<15;++i){\r\n                                times[k][i]--;\r\n                                times[i][y]--;\r\n                            }\r\n                            times[k][y]++;\r\n                        }\r\n                        times[x][k]--;\r\n                        if( s[x].charAt(k)==\'#\'){\r\n                            for(int i=0;i<15;++i){\r\n                                times[x][i]--;\r\n                                times[i][k]--;\r\n                            }\r\n                            times[x][k]++;\r\n                        }\r\n                    }\r\n                    times[x][y]++;\r\n                    answer++;\r\n                }\r\n\r\n            }\r\n            System.out.println(answer);\r\n        }\r\n    }\r\n}\r\n'),(221,2,25,4,3,280,22800,'2010-06-08 21:37:39','\r\n\r\n\r\nimport java.util.Scanner;\r\n\r\n/**\r\n *\r\n * @author MicroSky\r\n */\r\npublic class Main {\r\n\r\n    /**\r\n     * @param args the command line arguments\r\n     */\r\n    public static void main(String[] args) {\r\n        // TODO code application logic here\r\n        Scanner scan = new Scanner(System.in);\r\n        String line;\r\n        line = scan.nextLine();\r\n        String s[]=new String[15];\r\n\r\n        int times[][];\r\n\r\n        while (line.equals(\"END\") == false) {\r\n\r\n            times = new int[15][15];\r\n            for (int j = 0; j < 15; ++j) {\r\n                for (int i = 0; i < 15; i++) {\r\n                    times[i][j] = 0;\r\n                }\r\n            }\r\n            for (int i = 0; i < 15; i++) {\r\n                for (int j = 0; j < 15; ++j) {\r\n                    if (line.charAt(j) == \'#\') {\r\n                        for (int k = 0; k < 15; k++) {\r\n                            times[k][j]++;\r\n                            times[i][k]++;\r\n                        }\r\n                        times[i][j]--;\r\n                    }\r\n                }\r\n                s[i]=line;\r\n                line = scan.nextLine();\r\n            }\r\n            int max = -1, x=0, y=0;\r\n            int answer = 0;\r\n            while (max != 0) {\r\n                max = 0;\r\n                for (int i = 0; i < 15; i++) {\r\n                    for (int j = 0; j < 15; ++j) {\r\n                        if (times[i][j] > max  ) {\r\n                            /*\r\n      //|| (times[i][j]==max && s[i].charAt(j)==\'#\')\r\n                             * \r\n                             */\r\n                            max = times[i][j];\r\n                            x = i;\r\n                            y = j;\r\n                        }\r\n                    }\r\n                }\r\n                if (max > 0) {\r\n                    for (int k = 0; k < 15; k++) {\r\n                        times[k][y]--;\r\n                        if( s[k].charAt(y)==\'#\'){\r\n                            for(int i=0;i<15;++i){\r\n                                times[k][i]--;\r\n                                times[i][y]--;\r\n                            }\r\n                            times[k][y]++;\r\n                        }\r\n                        times[x][k]--;\r\n                        if( s[x].charAt(k)==\'#\'){\r\n                            for(int i=0;i<15;++i){\r\n                                times[x][i]--;\r\n                                times[i][k]--;\r\n                            }\r\n                            times[x][k]++;\r\n                        }\r\n                    }\r\n                    times[x][y]++;\r\n                    answer++;\r\n                }\r\n\r\n            }\r\n            System.out.println(answer);\r\n        }\r\n    }\r\n}\r\n');
/*!40000 ALTER TABLE `status` ENABLE KEYS */;
UNLOCK TABLES;

--
-- Table structure for table `testdata`
--

DROP TABLE IF EXISTS `testdata`;
SET @saved_cs_client     = @@character_set_client;
SET character_set_client = utf8;
CREATE TABLE `testdata` (
  `did` int(10) unsigned NOT NULL auto_increment,
  `input` blob,
  `output` blob,
  `version` int(10) unsigned NOT NULL default '1',
  PRIMARY KEY  (`did`)
) ENGINE=MyISAM DEFAULT CHARSET=utf8;
SET character_set_client = @saved_cs_client;

--
-- Dumping data for table `testdata`
--

LOCK TABLES `testdata` WRITE;
/*!40000 ALTER TABLE `testdata` DISABLE KEYS */;
/*!40000 ALTER TABLE `testdata` ENABLE KEYS */;
UNLOCK TABLES;

--
-- Table structure for table `user`
--

DROP TABLE IF EXISTS `user`;
SET @saved_cs_client     = @@character_set_client;
SET character_set_client = utf8;
CREATE TABLE `user` (
  `uid` int(10) unsigned NOT NULL auto_increment,
  `username` varchar(32) NOT NULL,
  `email` varchar(128) default NULL,
  `nickname` varchar(64) NOT NULL,
  `password` char(32) NOT NULL,
  `school` varchar(32) default NULL,
  `gender` tinyint(1) default NULL,
  `accepted` int(10) unsigned NOT NULL default '0',
  `submitted` int(10) unsigned NOT NULL default '0',
  `registerTime` datetime default NULL,
  `lastlogintime` datetime default NULL,
  `lastloginip` char(32) default NULL,
  `lastlanguage` char(10) default NULL,
  PRIMARY KEY  (`uid`),
  UNIQUE KEY `username` (`username`),
  UNIQUE KEY `nickname` (`nickname`)
) ENGINE=MyISAM AUTO_INCREMENT=29 DEFAULT CHARSET=utf8;
SET character_set_client = @saved_cs_client;

--
-- Dumping data for table `user`
--

LOCK TABLES `user` WRITE;
/*!40000 ALTER TABLE `user` DISABLE KEYS */;
INSERT INTO `user` VALUES (3,'alazyrabbit','','alazyrabbit','1fccb567a44880e8665b7cb9d0f97271','',2,112,159,'2009-09-17 18:14:15',NULL,NULL,NULL),(2,'asdfasdf','','asdfasdf','38d2368bdb355fd0acf7eaa86c520b3f','',2,0,0,'2009-09-17 17:51:30',NULL,NULL,NULL),(4,'powerx1202','powerx1202@gmail.com','ä¸æ–‡é¹','a220a317d4773cd502ceded7a7448287','å±±ä¸œå¤§å­¦',1,0,16,'2009-09-17 21:42:31',NULL,NULL,NULL),(5,'test','','test','cc03e747a6afbbcbf8be7668acfebee5','',2,0,0,'2009-09-17 21:45:45',NULL,NULL,NULL),(6,'godlike','','godlike','4f75d8bc38efe07fd24f303eee69b00b','heaven',2,0,0,'2009-09-17 21:56:05',NULL,NULL,NULL),(7,'godess','','godess','a973d1c139b6dedecc1c79b30efc064d','',0,0,0,'2009-09-17 21:57:55',NULL,NULL,NULL),(8,'hixuhuiqing','tsingxu@yahoo.cn','tsing_xu','96e79218965eb72c92a549dd5a330112','SDU',1,1,2,'2009-09-18 09:33:23',NULL,NULL,NULL),(9,'mabaochang','314134278@qq.com','mabaochang','e10adc3949ba59abbe56e057f20f883e','JLU&&SDU',1,0,0,'2009-09-24 19:40:52',NULL,NULL,NULL),(10,'123abc','zouyun250@126.com','123abc','e10adc3949ba59abbe56e057f20f883e','JLU&&SDU',1,0,0,'2009-09-24 19:42:06',NULL,NULL,NULL),(11,'yabinxu','','tick','e10adc3949ba59abbe56e057f20f883e','',1,0,0,'2009-11-10 17:22:49',NULL,NULL,NULL),(12,'a','','a','5d793fc5b00a2348c3fb9ab59e5ca98a','',1,0,1,'2010-01-13 17:54:31',NULL,NULL,NULL),(13,'yanghdx','','123456','e10adc3949ba59abbe56e057f20f883e','',1,1,6,'2010-01-13 18:03:19',NULL,NULL,NULL),(14,'JK_L','liujiankun625@yahoo.com.cn','åˆ˜å»ºå¤','25ef754a752450c761f053e4b16bd542','sdu',1,0,0,'2010-01-15 12:44:50',NULL,NULL,NULL),(15,'eee4','','qq','083696f0769e1f30002ba8084727b1f3','',1,0,0,'2010-01-15 12:45:49',NULL,NULL,NULL),(16,'shixiao','','shixiao','2c04f98759d784b2d79bd72e8df2457c','',2,0,1,'2010-01-15 12:52:13',NULL,NULL,NULL),(17,'xunlei','','qq2','083696f0769e1f30002ba8084727b1f3','',1,0,0,'2010-01-15 12:57:38',NULL,NULL,NULL),(18,'tester','123@123.123','tester','4297f44b13955235245b2497399d7a93','<script>alert(\'aa\');</script>',1,0,1,'2010-01-16 22:31:02',NULL,NULL,NULL),(19,'mjmjmtl','','mjmjmtl','e10adc3949ba59abbe56e057f20f883e','',2,1,1,'2010-03-30 19:53:59',NULL,NULL,NULL),(20,'guowei','','gw','e10adc3949ba59abbe56e057f20f883e','sdu',1,0,0,'2010-04-06 19:55:45',NULL,NULL,NULL),(21,'moon','','moon','e10adc3949ba59abbe56e057f20f883e','',1,0,0,'2010-04-06 19:56:36',NULL,NULL,NULL),(22,'CN_dota_hope','lixiaoming824@hotmail.com','çŠ€åˆ©å“¥','608848b86f3d352f98aba9d15fe9b7d0','å±±ä¸œå¤§å­¦',1,0,2,'2010-04-06 19:59:01',NULL,NULL,NULL),(23,'yybsqwh','','yybsqwh','6e70bcda6dfcce6fe762bbf6adafd39a','',2,5,7,'2010-04-09 19:31:51',NULL,NULL,NULL),(24,'heartnheart','595041947@sina.com','heartnheart','c99263f9ff2c91027d4218ddb7a4b0db','å±±ä¸œå¤§å­¦',1,0,0,'2010-04-10 15:45:14',NULL,NULL,NULL),(25,'MicroSky','microsky2813@hotmail.com','å°å¤©','92bcfec6400be025f9bd96ca1cfeac06','sdu',1,1,14,'2010-05-15 21:49:05',NULL,NULL,NULL),(26,'111','15216407992@163.com','111','96e79218965eb72c92a549dd5a330112','Shandong University',0,0,0,'2010-05-19 02:07:22',NULL,NULL,NULL),(27,'zhangmengchi','mengchi.zhang@gmail.com','brad','0e91f62e82978a405b04d766bd8ca269','sdu',1,5,3,'2010-06-05 19:47:40',NULL,NULL,NULL);
/*!40000 ALTER TABLE `user` ENABLE KEYS */;
UNLOCK TABLES;
/*!40103 SET TIME_ZONE=@OLD_TIME_ZONE */;

/*!40101 SET SQL_MODE=@OLD_SQL_MODE */;
/*!40014 SET FOREIGN_KEY_CHECKS=@OLD_FOREIGN_KEY_CHECKS */;
/*!40014 SET UNIQUE_CHECKS=@OLD_UNIQUE_CHECKS */;
/*!40101 SET CHARACTER_SET_CLIENT=@OLD_CHARACTER_SET_CLIENT */;
/*!40101 SET CHARACTER_SET_RESULTS=@OLD_CHARACTER_SET_RESULTS */;
/*!40101 SET COLLATION_CONNECTION=@OLD_COLLATION_CONNECTION */;
/*!40111 SET SQL_NOTES=@OLD_SQL_NOTES */;

-- Dump completed on 2010-06-09 12:23:59
