-- MySQL dump 10.13  Distrib 5.1.66, for redhat-linux-gnu (x86_64)
--
-- Host: localhost    Database: soj
-- ------------------------------------------------------
-- Server version	5.1.66

/*!40101 SET @OLD_CHARACTER_SET_CLIENT=@@CHARACTER_SET_CLIENT */;
/*!40101 SET @OLD_CHARACTER_SET_RESULTS=@@CHARACTER_SET_RESULTS */;
/*!40101 SET @OLD_COLLATION_CONNECTION=@@COLLATION_CONNECTION */;
/*!40101 SET NAMES utf8 */;
/*!40103 SET @OLD_TIME_ZONE=@@TIME_ZONE */;
/*!40103 SET TIME_ZONE='+00:00' */;
/*!40014 SET @OLD_UNIQUE_CHECKS=@@UNIQUE_CHECKS, UNIQUE_CHECKS=0 */;
/*!40014 SET @OLD_FOREIGN_KEY_CHECKS=@@FOREIGN_KEY_CHECKS, FOREIGN_KEY_CHECKS=0 */;
/*!40101 SET @OLD_SQL_MODE=@@SQL_MODE, SQL_MODE='NO_AUTO_VALUE_ON_ZERO' */;
/*!40111 SET @OLD_SQL_NOTES=@@SQL_NOTES, SQL_NOTES=0 */;

--
-- Table structure for table `problem`
--

DROP TABLE IF EXISTS `problem`;
/*!40101 SET @saved_cs_client     = @@character_set_client */;
/*!40101 SET character_set_client = utf8 */;
CREATE TABLE `problem` (
  `pid` int(10) unsigned NOT NULL AUTO_INCREMENT,
  `problemName` varchar(50) NOT NULL,
  `accepted` int(10) unsigned NOT NULL DEFAULT '0',
  `submitted` int(10) unsigned NOT NULL DEFAULT '0',
  `discription` text NOT NULL,
  `input` text,
  `output` text,
  `inputCase` text,
  `outputCase` text,
  `source` text,
  `timeLimit` int(10) unsigned NOT NULL DEFAULT '1000',
  `memoryLimit` int(10) unsigned NOT NULL DEFAULT '64000',
  `did` int(10) unsigned NOT NULL DEFAULT '1',
  `standardCode` text,
  PRIMARY KEY (`pid`)
) ENGINE=MyISAM AUTO_INCREMENT=1001008 DEFAULT CHARSET=utf8;
/*!40101 SET character_set_client = @saved_cs_client */;

--
-- Dumping data for table `problem`
--

LOCK TABLES `problem` WRITE;
/*!40000 ALTER TABLE `problem` DISABLE KEYS */;
INSERT INTO `problem` VALUES (1,'Balloons in a Box',1,15,'There are pairs of integers. Ouput the sum of each pair of integers.','#include <iostream>\r\n#include <cstdio>\r\n#include <cstring>\r\n#include <cmath>\r\nusing namespace std;\r\nint n,t;\r\nint x1[3],x2[3];\r\nint b[6][3];\r\ndouble ans;\r\nint color[6];\r\ndouble r[6];\r\ndouble thi;\r\nint sqr(int y1){\r\n	return y1*y1;\r\n}\r\ndouble dis(int y1[3],int y2[3]){\r\n	double sum=0;\r\n	int i;\r\n	for(i=0;i<3;i++)sum+=sqr(y1[i]-y2[i]);\r\n	return sqrt(sum);\r\n}\r\nint re[7];\r\nvoid deal(int p){\r\n	int i;\r\n	double mr=10000000000.0;\r\n	for(i=0;i<p;i++){\r\n		double t=dis(b[re[i]],b[re[p]])-r[re[i]];\r\n		if(t<0){r[re[p]]=0;return;}\r\n		if(t<mr)mr=t;\r\n	}\r\n	for(i=0;i<3;i++){\r\n		if(b[re[p]][i]-x1[i]<mr)mr=b[re[p]][i]-x1[i];\r\n		if(x2[i]-b[re[p]][i]<mr)mr=x2[i]-b[re[p]][i];\r\n	}\r\n	r[re[p]]=mr;\r\n}\r\nvoid dfs(int p){\r\n	int i;\r\n	if(p==n){\r\n		for(i=0;i<n;i++){\r\n			re[color[i]-1]=i;\r\n		}\r\n		memset(r,0,sizeof(r));\r\n		thi=0;\r\n		for(i=0;i<n;i++){\r\n			deal(i);\r\n		}\r\n		double sum=0;\r\n		for(i=0;i<n;i++){\r\n			sum+=r[i]*r[i]*r[i]*acos(0)*8/3;\r\n		}\r\n		if(sum>ans){\r\n			//for(i=0;i<n;i++)cout<<r[i]<<endl;\r\n			ans=sum;\r\n		}\r\n		return;\r\n	}\r\n	for(i=0;i<n;i++){\r\n		if(!color[i]){\r\n			color[i]=p+1;\r\n			dfs(p+1);\r\n			color[i]=0;\r\n		}\r\n	}	\r\n}\r\nvoid cal(){\r\n	memset(color,0,sizeof(color));\r\n	ans=0;\r\n	dfs(0);\r\n}\r\nvoid solve(){\r\n	cal();\r\n	int i;\r\n	double v=1;\r\n	for(i=0;i<3;i++)v*=(x2[i]-x1[i]);\r\n	//printf(\"Box %d: %d\\n\\n\",t,(int)(v-ans+0.5));\r\n	printf(\"%d\\n\",(int)(v-ans+0.5));\r\n}\r\nint main(){\r\n	int i,j;\r\n	t=1;\r\n	while(scanf(\"%d\",&n)!=EOF){\r\n		if(n==0)break;\r\n		for(i=0;i<3;i++)scanf(\"%d\",&x1[i]);\r\n		for(i=0;i<3;i++)scanf(\"%d\",&x2[i]);\r\n		for(i=0;i<3;i++){\r\n			if(x1[i]>x2[i]){\r\n				int t=x1[i];\r\n				x1[i]=x2[i];\r\n				x2[i]=t;\r\n			}\r\n		}\r\n		for(i=0;i<n;i++){\r\n			for(j=0;j<3;j++){\r\n				scanf(\"%d\",&b[i][j]);\r\n			}\r\n		}\r\n		solve();\r\n		++t;\r\n	}\r\n	return 0;\r\n}','\r\nimport java.io.FileNotFoundException;\r\nimport java.io.IOException;\r\nimport java.text.DecimalFormat;\r\nimport java.util.HashSet;\r\nimport java.util.Scanner;\r\n\r\n/**\r\n *\r\n * @author MicroSky\r\n */\r\npublic class Main {\r\n\r\n    private static double MaxSum;\r\n    private static Point[] rectangular;\r\n    private static int n;\r\n\r\n    public static void main(String[] args) throws FileNotFoundException, IOException {\r\n        Scanner scan = new Scanner(System.in);\r\n\r\n\r\n        n = scan.nextInt();\r\n        int count = 0;\r\n        while (scan.hasNext()) {\r\n            count++;\r\n\r\n            rectangular = new Point[2];\r\n            for (int i = 0; i < 2; ++i) {\r\n                rectangular[i] = new Point(new int[3]);\r\n                for (int j = 0; j < 3; ++j) {\r\n                    rectangular[i].getPos()[j] = scan.nextInt();\r\n                }\r\n            }\r\n            Point[] points = new Point[n];\r\n            for (int i = 0; i < n; ++i) {\r\n                points[i] = new Point(new int[3]);\r\n                for (int j = 0; j < 3; ++j) {\r\n                    points[i].getPos()[j] = scan.nextInt();\r\n                }\r\n            }\r\n            MaxSum = 0;\r\n            Point[] serchPoints = new Point[n];\r\n            for (int i = 0; i < n; ++i) {\r\n                serchPoints[i] = new Point(new int[3]);\r\n            }\r\n            HashSet<Integer> HaveSearch = new HashSet<Integer>();\r\n            AllSearch(HaveSearch, n, 0, serchPoints, points);\r\n            double area = 1.0;\r\n            for (int j = 0; j < 3; ++j) {\r\n                area *= Math.abs(rectangular[0].getPos()[j] - rectangular[1].getPos()[j]);\r\n            }\r\n            DecimalFormat df = new DecimalFormat(\"#\");\r\n            System.out.println(\"Box \" + count + \": \"+ df.format(area - MaxSum));\r\n            System.out.println();\r\n            n = scan.nextInt();\r\n        }\r\n    }\r\n\r\n    public static void AllSearch(HashSet<Integer> HaveSearch, int n, int deep, Point[] serchPoints, Point[] points) {\r\n        if (deep == n) {\r\n            FindAnswer(serchPoints);\r\n        }\r\n        for (int i = 0; i < n; ++i) {\r\n            if (HaveSearch.contains(i) == false) {\r\n                HaveSearch.add(i);\r\n                serchPoints[deep] = points[i];\r\n                AllSearch(HaveSearch, n, deep + 1, serchPoints, points);\r\n                HaveSearch.remove(i);\r\n            }\r\n        }\r\n    }\r\n\r\n    public static void FindAnswer(Point[] serchPoints) {\r\n        double MinDist;\r\n        Double Sum = 0.0;\r\n        double r = 0.0;\r\n        for (int i = 0; i < serchPoints.length; ++i) {\r\n            MinDist = Double.MAX_VALUE;\r\n            for (int j = 0; j < 3; ++j) {\r\n                r = Math.abs(rectangular[0].getPos()[j] - serchPoints[i].getPos()[j]);\r\n                if (MinDist > r) {\r\n                    MinDist = r;\r\n                }\r\n                r = Math.abs(rectangular[1].getPos()[j] - serchPoints[i].getPos()[j]);\r\n                if (MinDist > r) {\r\n                    MinDist = r;\r\n                }\r\n            }\r\n\r\n            for (int j = i - 1; j >= 0; --j) {\r\n                r = DistOfPoint(serchPoints[i], serchPoints[j]) - serchPoints[j].getR();\r\n                if (r <= 0) {\r\n                    serchPoints[i].setR(0);\r\n                    MinDist = 0.0;\r\n                    break;\r\n                }\r\n                if (MinDist > r) {\r\n                    MinDist = r;\r\n                }\r\n            }\r\n            serchPoints[i].setR(MinDist);\r\n            //System.out.println(MinDist);\r\n            Sum += MinDist * MinDist * MinDist * 3.14159265358979323846 * 4.0 / 3.0;\r\n\r\n        }\r\n        if (MaxSum < Sum) {\r\n            MaxSum = Sum;\r\n        }\r\n    }\r\n\r\n    public static double DistOfPoint(Point a, Point b) {\r\n        return Math.sqrt((a.getPos()[0] - b.getPos()[0]) * (a.getPos()[0] - b.getPos()[0])\r\n                + (a.getPos()[1] - b.getPos()[1]) * (a.getPos()[1] - b.getPos()[1])\r\n                + (a.getPos()[2] - b.getPos()[2]) * (a.getPos()[2] - b.getPos()[2]));\r\n\r\n    }\r\n}\r\n\r\nclass Point {\r\n\r\n    private int[] pos;\r\n    private double r;\r\n\r\n    public Point(int[] pos) {\r\n        this.pos = pos;\r\n    }\r\n\r\n    public int[] getPos() {\r\n        return pos;\r\n    }\r\n\r\n    public double getR() {\r\n        return r;\r\n    }\r\n\r\n    public void setR(double r) {\r\n        this.r = r;\r\n    }\r\n}\r\n','1 2\r\n89323 1\r\n','3\r\n89324\r\n','Box 1: 860016902\r\n\r\nBox 2: 805101259\r\n\r\nBox 3: 992021817\r\n\r\nBox 4: 948707255\r\n\r\nBox 5: 894437958\r\n\r\nBox 6: 706482026\r\n\r\nBox 7: 947739723\r\n\r\nBox 8: 980468279\r\n\r\nBox 9: 854412028\r\n\r\nBox 10: 910183114\r\n\r\nBox 11: 837991917\r\n\r\nBox 12: 926390633\r\n\r\nBox 13: 972290625\r\n\r\nBox 14: 827469370\r\n\r\nBox 15: 858268375\r\n\r\nBox 16: 980528601\r\n\r\nBox 17: 883081498\r\n\r\nBox 18: 905688505\r\n\r\nBox 19: 889802262\r\n\r\nBox 20: 991282684\r\n\r\nBox 21: 820753168\r\n\r\nBox 22: 883851562\r\n\r\nBox 23: 950476721\r\n\r\nBox 24: 873532088\r\n\r\nBox 25: 961722843\r\n\r\nBox 26: 735733177\r\n\r\nBox 27: 819951195\r\n\r\nBox 28: 978387397\r\n\r\nBox 29: 877386727\r\n\r\nBox 30: 630812074\r\n',1000,64000,1,'3\r\n144 -384 -377\r\n1144 616 623\r\n881 311 -178\r\n290 422 314\r\n426 41 137\r\n5\r\n83 433 413\r\n1083 1433 1413\r\n698 930 418\r\n461 1077 1002\r\n426 730 524\r\n1048 915 660\r\n660 1083 766\r\n4\r\n-144 217 236\r\n856 1217 1236\r\n179 243 603\r\n827 1118 571\r\n474 338 620\r\n811 587 1129\r\n5\r\n-492 95 256\r\n508 1095 1256\r\n-350 465 290\r\n424 251 589\r\n180 168 488\r\n57 883 783\r\n158 732 1060\r\n3\r\n-387 -191 -265\r\n613 809 735\r\n256 577 141\r\n174 294 699\r\n-113 520 374\r\n6\r\n-486 21 362\r\n514 1021 1362\r\n-287 764 1069\r\n-123 478 607\r\n-74 507 856\r\n-277 187 859\r\n-324 170 660\r\n-85 1005 583\r\n3\r\n-430 37 227\r\n570 1037 1227\r\n10 812 783\r\n96 1008 1047\r\n-328 323 805\r\n3\r\n27 -226 124\r\n1027 774 1124\r\n907 150 270\r\n1005 -30 193\r\n734 473 981\r\n3\r\n-331 436 -183\r\n669 1436 817\r\n306 1141 118\r\n-37 1388 414\r\n343 981 242\r\n6\r\n-162 -193 -466\r\n838 807 534\r\n593 628 204\r\n76 412 263\r\n41 577 -424\r\n19 -103 38\r\n408 769 -408\r\n282 696 245\r\n3\r\n-166 90 -371\r\n834 1090 629\r\n47 1067 -102\r\n480 306 51\r\n303 777 -49\r\n4\r\n162 -401 -230\r\n1162 599 770\r\n1043 235 724\r\n508 188 759\r\n340 -155 -163\r\n904 242 66\r\n4\r\n-394 -176 237\r\n606 824 1237\r\n466 473 583\r\n420 747 896\r\n267 -58 759\r\n-273 -17 858\r\n4\r\n448 260 -248\r\n1448 1260 752\r\n754 458 22\r\n581 1035 426\r\n1198 895 -23\r\n1012 757 482\r\n5\r\n-235 -109 -195\r\n765 891 805\r\n447 620 620\r\n34 352 426\r\n525 158 639\r\n244 863 -116\r\n-84 48 19\r\n4\r\n165 -289 -60\r\n1165 711 940\r\n576 551 695\r\n633 590 17\r\n1031 138 910\r\n519 -248 657\r\n5\r\n411 -252 83\r\n1411 748 1083\r\n725 244 834\r\n672 67 627\r\n1003 618 440\r\n1097 281 227\r\n688 425 783\r\n5\r\n143 212 -458\r\n1143 1212 542\r\n463 553 -256\r\n1039 733 243\r\n1000 828 473\r\n912 617 -178\r\n755 291 -245\r\n6\r\n112 58 -458\r\n1112 1058 542\r\n1023 353 -303\r\n696 297 487\r\n803 388 459\r\n707 911 -119\r\n819 1050 401\r\n621 352 260\r\n5\r\n408 473 123\r\n1408 1473 1123\r\n1221 535 361\r\n677 654 238\r\n1392 1238 345\r\n1340 613 384\r\n1393 626 1004\r\n6\r\n-84 373 -250\r\n916 1373 750\r\n27 621 604\r\n409 719 184\r\n398 535 174\r\n558 1231 -239\r\n176 643 393\r\n99 711 644\r\n6\r\n241 -351 -426\r\n1241 649 574\r\n1203 -150 -422\r\n604 -238 566\r\n460 327 278\r\n1075 -20 -94\r\n1232 264 154\r\n590 94 -193\r\n3\r\n-193 268 -489\r\n807 1268 511\r\n269 778 -439\r\n51 750 -262\r\n-95 388 502\r\n6\r\n162 -75 190\r\n1162 925 1190\r\n976 242 282\r\n173 505 538\r\n253 736 484\r\n506 658 516\r\n672 530 972\r\n188 290 539\r\n3\r\n104 -70 445\r\n1104 930 1445\r\n178 805 904\r\n546 426 1240\r\n287 324 494\r\n5\r\n152 247 198\r\n1152 1247 1198\r\n716 644 697\r\n812 371 559\r\n928 1071 715\r\n928 577 1197\r\n169 737 372\r\n4\r\n-27 378 -299\r\n973 1378 701\r\n319 911 78\r\n460 944 585\r\n-18 1189 -163\r\n426 1179 -294\r\n4\r\n-23 273 -194\r\n977 1273 806\r\n94 718 519\r\n202 1217 406\r\n829 432 320\r\n632 1221 692\r\n6\r\n-266 111 -403\r\n734 1111 597\r\n168 563 -129\r\n391 194 566\r\n228 158 478\r\n-58 759 244\r\n74 923 -393\r\n-140 615 -147\r\n5\r\n219 -294 -179\r\n1219 706 821\r\n517 -55 590\r\n719 151 276\r\n239 -208 491\r\n574 686 29\r\n750 129 2\r\n0'),(2,'Library',2,10,'',NULL,NULL,NULL,NULL,NULL,1000,64000,1,NULL),(4,'Enlightened Landscape',0,0,'',NULL,NULL,NULL,NULL,NULL,1000,64000,1,NULL),(5,'Box of Mirrors',0,0,'',NULL,NULL,NULL,NULL,NULL,1000,64000,1,NULL),(10,'Evil Eye',0,0,'',NULL,NULL,NULL,NULL,NULL,1000,64000,1,NULL),(11,'Lost Lists',0,7,'',NULL,NULL,NULL,NULL,NULL,1000,64000,1,NULL),(12,'Chain of Atom',0,0,'',NULL,NULL,NULL,NULL,NULL,1000,64000,1,NULL),(16,'String from substrings',0,0,'',NULL,NULL,NULL,NULL,NULL,1000,64000,1,NULL),(18,'Ants and the ladybug',0,0,'',NULL,NULL,NULL,NULL,NULL,1000,64000,1,NULL),(19,'Step Traversing a Tree',0,1,'',NULL,NULL,NULL,NULL,NULL,1000,64000,1,NULL),(22,'ELECTRICIAN',0,0,'',NULL,NULL,NULL,NULL,NULL,1000,64000,1,NULL),(28,'SOLDIERS',0,0,'',NULL,NULL,NULL,NULL,NULL,1000,64000,1,NULL),(30,'Word equations',0,0,'',NULL,NULL,NULL,NULL,NULL,1000,64000,1,NULL),(31,'The Gangs',0,0,'',NULL,NULL,NULL,NULL,NULL,1000,64000,1,NULL),(35,'Water',0,0,'',NULL,NULL,NULL,NULL,NULL,1000,64000,1,NULL),(36,'The Race',0,0,'',NULL,NULL,NULL,NULL,NULL,1000,64000,1,NULL),(38,'The lightest language',0,0,'',NULL,NULL,NULL,NULL,NULL,1000,64000,1,NULL),(40,'Promotion',0,0,'',NULL,NULL,NULL,NULL,NULL,1000,64000,1,NULL),(41,'Goldmine',0,0,'',NULL,NULL,NULL,NULL,NULL,1000,64000,1,NULL),(42,'Mars Maps',0,0,'',NULL,NULL,NULL,NULL,NULL,1000,64000,1,NULL),(43,'Viewer\'s Prize in F-TV',0,0,'',NULL,NULL,NULL,NULL,NULL,1000,64000,1,NULL),(46,'Musketeers',0,0,'',NULL,NULL,NULL,NULL,NULL,1000,64000,1,NULL),(48,'Dance Dance Revolution',0,3,'',NULL,NULL,NULL,NULL,NULL,1000,64000,1,NULL),(53,'Wildcard Patterns',0,0,'',NULL,NULL,NULL,NULL,NULL,1000,64000,1,NULL),(54,'Undecodable Codes',0,0,'',NULL,NULL,NULL,NULL,NULL,1000,64000,1,NULL),(58,'Bugs Integrated, Inc.',0,0,'',NULL,NULL,NULL,NULL,NULL,1000,64000,1,NULL),(66,'Euro',0,0,'',NULL,NULL,NULL,NULL,NULL,1000,64000,1,NULL),(67,'ENCODING GRID',0,0,'',NULL,NULL,NULL,NULL,NULL,1000,64000,1,NULL),(70,'Editing a Book',0,0,'',NULL,NULL,NULL,NULL,NULL,1000,64000,1,NULL),(77,'The Buses',0,0,'',NULL,NULL,NULL,NULL,NULL,1000,64000,1,NULL),(80,'Championship in Basketball',0,0,'',NULL,NULL,NULL,NULL,NULL,1000,64000,1,NULL),(86,'X-Planet',0,0,'',NULL,NULL,NULL,NULL,NULL,1000,64000,1,NULL),(88,'Division Expression',0,0,'',NULL,NULL,NULL,NULL,NULL,1000,64000,1,NULL),(91,'Secret Numbers',0,0,'',NULL,NULL,NULL,NULL,NULL,1000,64000,1,NULL),(92,'ATM\'s',0,0,'',NULL,NULL,NULL,NULL,NULL,1000,64000,1,NULL),(94,'Conqueror\'s battalion',0,0,'',NULL,NULL,NULL,NULL,NULL,1000,64000,1,NULL),(98,'Monochromatic triangles',0,0,'',NULL,NULL,NULL,NULL,NULL,1000,64000,1,NULL),(101,'Silly Sort',0,0,'',NULL,NULL,NULL,NULL,NULL,1000,64000,1,NULL),(103,'A Decorative Fence',0,0,'',NULL,NULL,NULL,NULL,NULL,1000,64000,1,NULL),(108,'Primitivus',0,0,'',NULL,NULL,NULL,NULL,NULL,1000,64000,1,NULL),(111,'Skiers',0,0,'',NULL,NULL,NULL,NULL,NULL,1000,64000,1,NULL),(113,'Round Trip',0,0,'',NULL,NULL,NULL,NULL,NULL,1000,64000,1,NULL),(115,'Wandering flees Trainers',0,0,'',NULL,NULL,NULL,NULL,NULL,1000,64000,1,NULL),(116,'The Cave',0,0,'',NULL,NULL,NULL,NULL,NULL,1000,64000,1,NULL),(118,'Messengers',0,0,'',NULL,NULL,NULL,NULL,NULL,1000,64000,1,NULL),(126,'Bridge',0,0,'',NULL,NULL,NULL,NULL,NULL,1000,64000,1,NULL),(140,'Knights',0,0,'',NULL,NULL,NULL,NULL,NULL,1000,64000,1,NULL),(157,'The Flip Game',0,0,'',NULL,NULL,NULL,NULL,NULL,1000,64000,1,NULL),(162,'Diving',0,0,'',NULL,NULL,NULL,NULL,NULL,1000,64000,1,NULL),(163,'Recursive Ant',0,0,'',NULL,NULL,NULL,NULL,NULL,1000,64000,1,NULL),(166,'Chain',0,0,'',NULL,NULL,NULL,NULL,NULL,1000,64000,1,NULL),(169,'Time Zones',0,0,'',NULL,NULL,NULL,NULL,NULL,1000,64000,1,NULL),(170,'Components of a Bitmap',0,0,'',NULL,NULL,NULL,NULL,NULL,1000,64000,1,NULL),(173,'Necklaces',0,0,'',NULL,NULL,NULL,NULL,NULL,1000,64000,1,NULL),(174,'Viruses',0,0,'',NULL,NULL,NULL,NULL,NULL,1000,64000,1,NULL),(177,'The Caterpillar',0,0,'',NULL,NULL,NULL,NULL,NULL,1000,64000,1,NULL),(182,'Eggs',0,0,'',NULL,NULL,NULL,NULL,NULL,1000,64000,1,NULL),(183,'Window',0,0,'',NULL,NULL,NULL,NULL,NULL,1000,64000,1,NULL),(185,'Square',0,0,'',NULL,NULL,NULL,NULL,NULL,1000,64000,1,NULL),(190,'Block Town',0,0,'',NULL,NULL,NULL,NULL,NULL,1000,64000,1,NULL),(205,'Falling',0,0,'',NULL,NULL,NULL,NULL,NULL,1000,64000,1,NULL),(210,'SHIPS',0,0,'',NULL,NULL,NULL,NULL,NULL,1000,64000,1,NULL),(212,'GENOTYPES',0,0,'',NULL,NULL,NULL,NULL,NULL,1000,64000,1,NULL),(216,'THE MOBILE',0,0,'',NULL,NULL,NULL,NULL,NULL,1000,64000,1,NULL),(218,'Ball',0,0,'',NULL,NULL,NULL,NULL,NULL,1000,64000,1,NULL),(237,'Sum of one-sequence',0,0,'',NULL,NULL,NULL,NULL,NULL,1000,64000,1,NULL),(238,'Anti-arithmetic permutations',0,0,'',NULL,NULL,NULL,NULL,NULL,1000,64000,1,NULL),(241,'Triple-arm crane',0,0,'',NULL,NULL,NULL,NULL,NULL,1000,64000,1,NULL),(249,'Shift Register',0,0,'',NULL,NULL,NULL,NULL,NULL,1000,64000,1,NULL),(251,'Antiprime numbers',0,0,'',NULL,NULL,NULL,NULL,NULL,1000,64000,1,NULL),(253,'Lamps',0,0,'',NULL,NULL,NULL,NULL,NULL,1000,64000,1,NULL),(257,'Superknight',0,0,'',NULL,NULL,NULL,NULL,NULL,1000,64000,1,NULL),(266,'Automorphisms',0,0,'',NULL,NULL,NULL,NULL,NULL,1000,64000,1,NULL),(272,'Stickers',0,0,'',NULL,NULL,NULL,NULL,NULL,1000,64000,1,NULL),(278,'Postman',0,0,'',NULL,NULL,NULL,NULL,NULL,1000,64000,1,NULL),(279,'City Tour',0,0,'',NULL,NULL,NULL,NULL,NULL,1000,64000,1,NULL),(280,'Gambling',0,0,'',NULL,NULL,NULL,NULL,NULL,1000,64000,1,NULL),(282,'Teleports',0,0,'',NULL,NULL,NULL,NULL,NULL,1000,64000,1,NULL),(284,'The Labirynth of Wells',0,0,'',NULL,NULL,NULL,NULL,NULL,1000,64000,1,NULL),(285,'Chase',0,0,'',NULL,NULL,NULL,NULL,NULL,1000,64000,1,NULL),(292,'CONFERENCE CALL',0,0,'',NULL,NULL,NULL,NULL,NULL,1000,64000,1,NULL),(293,'MEETING',0,0,'',NULL,NULL,NULL,NULL,NULL,1000,64000,1,NULL),(305,'A Game on the Chessboard',0,0,'',NULL,NULL,NULL,NULL,NULL,1000,64000,1,NULL),(10001,'A+B Problem',16,26,'',NULL,NULL,NULL,NULL,NULL,1000,64000,1,NULL),(10002,'Rooks',0,1,'You have unexpectedly become the owner of a large chessboard, having fifteen squares to each side. Because you do not know how to play chess on such a large board, you find an alternative way to make use of it.\n\nIn chess, a rook attacks all squares that are in the same row or column of the chessboard as it is. For the purposes of this problem, we define a rook as also attacking the square on which it is already standing.\n\nGiven a set of chessboard squares, how many rooks are needed to attack all of them?','Input consists of a number of test cases. Each test case consists of fifteen lines each containing fifteen characters depicting the chess board. Each character is either a period (.) or a hash (#). Every chessboard square depicted by a hash must be attacked by a rook. After all the test cases, one more line of input appears. This line contains the word END.','Output consists of exactly one line for each test case. The line contains a single integer, the minimum number of rooks that must be placed on the chess board so that every square marked with a hash is attacked.','...............\r\n...............\r\n...............\r\n...............\r\n...............\r\n...............\r\n...............\r\n.......#.......\r\n...............\r\n...............\r\n...............\r\n...............\r\n...............\r\n...............\r\n...............\r\nEND\r\n','1',NULL,1000,64000,2,NULL),(10003,'Pipes',0,0,'After writing a solver for the \"moveable maze\" game last week, you have grown tired of it. After all, you already know the optimal solution. To entertain yourself, you find another puzzle game called \"Pipes\", and play that for a while. On one puzzle, you have not been able to find a solution by hand, and you think that there is no solution. You decide to write a program to tell you whether this is the case.\n\nThe game is played on a grid with R rows and C columns. Each square of the grid contains a black dot in the centre and black lines in the direction of some, none, or all of its north, east, south, and west neighbouring squares, with the following restriction: if two opposite directions both have lines, then at least one of the other two directions has a line as well. In other words, it is forbidden for a square to consist of a straight line.\n\nThe objective of the game is to rotate each square, as many times as you like, such that for each square, if it has a line going in a compass direction (that is, north, east, south, or west), then it has a neighbour in that compass direction and that neighbour has a line going in the opposite compass direction. In other words, each edge in the grid should either have a line on both sides or neither side.\n\nYour task is to determine whether a given grid has a solution. ','The input consists of several test cases.\n\nThe first line of each test case contains the two integers R and C, separated by spaces, with 1 <= R,C <= 12.\n\nThe following R lines of input each contain one row of the grid, from north to south. Each of these lines contains exactly C strings of letters, separated by spaces, that correspond to squares of the grid, from west to east. Their format is as follows:\n\n    * If the string is the single character x, then the square does not contain a line to any of its neighbours.\n    * Otherwise, the string contains some of the characters N, E, S, W, which indicate that a black line extends from this square\'s centre in the direction of its north, east, south, or west neighbour, respectively. No character will appear in the string more than once. \n\nInput is terminated by a line containing 0 0. These zeros are not a test case and should not be processed. ','For each test case, output SOLVABLE if there is a solution to the puzzle, and UNSOLVABLE otherwise. ','3 3\r\nNW NW x\r\nNES NESW W\r\nE W x\r\n2 2\r\nES x\r\nx N\r\n0 0\r\n','SOLVABLE\r\nUNSOLVABLE\r\n',NULL,1000,64000,3,NULL),(3,'Gone Fishing',0,1,'',NULL,NULL,NULL,NULL,NULL,1000,64000,1,NULL);
/*!40000 ALTER TABLE `problem` ENABLE KEYS */;
UNLOCK TABLES;

--
-- Table structure for table `status`
--

DROP TABLE IF EXISTS `status`;
/*!40101 SET @saved_cs_client     = @@character_set_client */;
/*!40101 SET character_set_client = utf8 */;
CREATE TABLE `status` (
  `rid` int(10) unsigned NOT NULL AUTO_INCREMENT,
  `pid` int(10) unsigned NOT NULL,
  `uid` int(10) unsigned NOT NULL,
  `judgeStatus` tinyint(3) unsigned NOT NULL DEFAULT '1',
  `language` tinyint(3) unsigned NOT NULL,
  `rtime` int(10) unsigned DEFAULT NULL,
  `rmemory` int(10) unsigned DEFAULT NULL,
  `submitTime` datetime NOT NULL,
  `sourceCode` text,
  PRIMARY KEY (`rid`)
) ENGINE=MyISAM AUTO_INCREMENT=66 DEFAULT CHARSET=utf8;
/*!40101 SET character_set_client = @saved_cs_client */;

--
-- Dumping data for table `status`
--

LOCK TABLES `status` WRITE;
/*!40000 ALTER TABLE `status` DISABLE KEYS */;
INSERT INTO `status` VALUES (1,1,3,4,1,0,588,'2010-06-21 22:50:41','#include <iostream> \r\nusing namespace std; \r\nint main(){ \r\nreturn 0; \r\n}'),(2,2,30,3,1,4,620,'2010-06-22 18:41:43','#include <iostream>\r\n\r\nusing namespace std;\r\n\r\nint main()\r\n{\r\ncout << \"fdsa\" << endl;\r\n}'),(3,2,29,4,3,180,19936,'2010-06-22 18:44:06','\r\nimport java.io.BufferedReader;\r\nimport java.io.FileNotFoundException;\r\nimport java.io.IOException;\r\nimport java.io.InputStreamReader;\r\n\r\n/**\r\n *\r\n * @author MicroSky\r\n */\r\npublic class Main {\r\n\r\n    public static void main(String[] args) throws FileNotFoundException, IOException {\r\n        BufferedReader br = new BufferedReader(new InputStreamReader(System.in));\r\nSystem.out.println(\"asdf\");\r\n\r\n        //StringTokenizer st = new StringTokenizer(br.readLine());\r\n    }\r\n}\r\n'),(4,2,29,4,3,176,20544,'2010-06-22 18:45:13','\r\nimport java.io.BufferedReader;\r\nimport java.io.FileNotFoundException;\r\nimport java.io.IOException;\r\nimport java.io.InputStreamReader;\r\n\r\n/**\r\n *\r\n * @author MicroSky\r\n */\r\npublic class Main {\r\n\r\n    public static void main(String[] args) throws FileNotFoundException, IOException {\r\n        BufferedReader br = new BufferedReader(new InputStreamReader(System.in));\r\n        System.err.println(\"sdfa\");\r\n        //StringTokenizer st = new StringTokenizer(br.readLine());\r\n    }\r\n}\r\n'),(5,2,29,4,3,172,20532,'2010-06-22 18:45:27','\r\n\r\nimport java.io.BufferedReader;\r\nimport java.io.FileNotFoundException;\r\nimport java.io.IOException;\r\nimport java.io.InputStreamReader;\r\n\r\n/**\r\n *\r\n * @author MicroSky\r\n */\r\npublic class Main {\r\n\r\n    public static void main(String[] args) throws FileNotFoundException, IOException {\r\n        BufferedReader br = new BufferedReader(new InputStreamReader(System.in));\r\n        System.err.print(\"sdfa\");\r\n        //StringTokenizer st = new StringTokenizer(br.readLine());\r\n    }\r\n}\r\n'),(6,2,29,3,3,184,20564,'2010-06-22 18:50:42','\r\nimport java.io.BufferedReader;\r\nimport java.io.FileNotFoundException;\r\nimport java.io.IOException;\r\nimport java.io.InputStreamReader;\r\n\r\n/**\r\n *\r\n * @author MicroSky\r\n */\r\npublic class Main {\r\n\r\n    public static void main(String[] args) throws FileNotFoundException, IOException {\r\n        BufferedReader br = new BufferedReader(new InputStreamReader(System.in));\r\n        System.out.println(\"fdsa\");\r\n        //StringTokenizer st = new StringTokenizer(br.readLine());\r\n    }\r\n}\r\n'),(7,10001,29,7,3,NULL,NULL,'2010-06-22 21:45:18','import java.io.*;\r\nimport java.util.*;\r\npublic class Main\r\n{\r\n            public static void main(String args[]) throws Exception\r\n            {\r\n                    Scanner cin=new Scanner(System.in);\r\nwhile(scan.hasNext()){\r\n                    int a=cin.nextInt(),b=cin.nextInt();\r\n                    System.out.println(a+b);\r\n}\r\n            }\r\n}'),(8,10001,29,7,3,NULL,NULL,'2010-06-22 21:46:22','/*\r\n * To change this template, choose Tools | Templates\r\n * and open the template in the editor.\r\n */\r\npackage oj;\r\n\r\n/**\r\n *\r\n * @author MicroSky\r\n */\r\nimport java.io.*;\r\nimport java.util.*;\r\n\r\npublic class NewClass {\r\n\r\n    public static void main(String args[]) throws Exception {\r\n        Scanner cin = new Scanner(System.in);\r\n        while (cin.hasNext()) {\r\n            int a = cin.nextInt(), b = cin.nextInt();\r\n            System.out.println(a + b);\r\n        }\r\n    }\r\n}\r\n'),(9,10001,29,9,3,NULL,NULL,'2010-06-22 21:46:40','/*\r\n * To change this template, choose Tools | Templates\r\n * and open the template in the editor.\r\n */\r\npackage oj;\r\n\r\n/**\r\n *\r\n * @author MicroSky\r\n */\r\nimport java.io.*;\r\nimport java.util.*;\r\n\r\npublic class Main{\r\n\r\n    public static void main(String args[]) throws Exception {\r\n        Scanner cin = new Scanner(System.in);\r\n        while (cin.hasNext()) {\r\n            int a = cin.nextInt(), b = cin.nextInt();\r\n            System.out.println(a + b);\r\n        }\r\n    }\r\n}\r\n'),(10,10001,29,3,3,192,21024,'2010-06-22 21:47:25','\r\n/**\r\n *\r\n * @author MicroSky\r\n */\r\nimport java.io.*;\r\nimport java.util.*;\r\n\r\npublic class Main{\r\n\r\n    public static void main(String args[]) throws Exception {\r\n        Scanner cin = new Scanner(System.in);\r\n        while (cin.hasNext()) {\r\n            int a = cin.nextInt(), b = cin.nextInt();\r\n            System.out.println(a + b);\r\n        }\r\n    }\r\n}\r\n'),(11,1,29,3,3,340,22800,'2010-06-22 22:28:08','\r\nimport java.io.FileNotFoundException;\r\nimport java.io.IOException;\r\nimport java.text.DecimalFormat;\r\nimport java.util.HashSet;\r\nimport java.util.Scanner;\r\n\r\n/**\r\n *\r\n * @author MicroSky\r\n */\r\npublic class Main {\r\n\r\n    private static double MaxSum;\r\n    private static Point[] rectangular;\r\n    private static int n;\r\n\r\n    public static void main(String[] args) throws FileNotFoundException, IOException {\r\n        Scanner scan = new Scanner(System.in);\r\n\r\n\r\n        n = scan.nextInt();\r\n        int count = 0;\r\n        while (scan.hasNext()) {\r\n            count++;\r\n\r\n            rectangular = new Point[2];\r\n            for (int i = 0; i < 2; ++i) {\r\n                rectangular[i] = new Point(new int[3]);\r\n                for (int j = 0; j < 3; ++j) {\r\n                    rectangular[i].getPos()[j] = scan.nextInt();\r\n                }\r\n            }\r\n            Point[] points = new Point[n];\r\n            for (int i = 0; i < n; ++i) {\r\n                points[i] = new Point(new int[3]);\r\n                for (int j = 0; j < 3; ++j) {\r\n                    points[i].getPos()[j] = scan.nextInt();\r\n                }\r\n            }\r\n            MaxSum = 0;\r\n            Point[] serchPoints = new Point[n];\r\n            for (int i = 0; i < n; ++i) {\r\n                serchPoints[i] = new Point(new int[3]);\r\n            }\r\n            HashSet<Integer> HaveSearch = new HashSet<Integer>();\r\n            AllSearch(HaveSearch, n, 0, serchPoints, points);\r\n            double area = 1.0;\r\n            for (int j = 0; j < 3; ++j) {\r\n                area *= Math.abs(rectangular[0].getPos()[j] - rectangular[1].getPos()[j]);\r\n            }\r\n            DecimalFormat df = new DecimalFormat(\"#\");\r\n            System.out.println(\"Box \" + count + \": \"+ df.format(area - MaxSum));\r\n            System.out.println();\r\n            n = scan.nextInt();\r\n        }\r\n    }\r\n\r\n    public static void AllSearch(HashSet<Integer> HaveSearch, int n, int deep, Point[] serchPoints, Point[] points) {\r\n        if (deep == n) {\r\n            FindAnswer(serchPoints);\r\n        }\r\n        for (int i = 0; i < n; ++i) {\r\n            if (HaveSearch.contains(i) == false) {\r\n                HaveSearch.add(i);\r\n                serchPoints[deep] = points[i];\r\n                AllSearch(HaveSearch, n, deep + 1, serchPoints, points);\r\n                HaveSearch.remove(i);\r\n            }\r\n        }\r\n    }\r\n\r\n    public static void FindAnswer(Point[] serchPoints) {\r\n        double MinDist;\r\n        Double Sum = 0.0;\r\n        double r = 0.0;\r\n        for (int i = 0; i < serchPoints.length; ++i) {\r\n            MinDist = Double.MAX_VALUE;\r\n            for (int j = 0; j < 3; ++j) {\r\n                r = Math.abs(rectangular[0].getPos()[j] - serchPoints[i].getPos()[j]);\r\n                if (MinDist > r) {\r\n                    MinDist = r;\r\n                }\r\n                r = Math.abs(rectangular[1].getPos()[j] - serchPoints[i].getPos()[j]);\r\n                if (MinDist > r) {\r\n                    MinDist = r;\r\n                }\r\n            }\r\n\r\n            for (int j = i - 1; j >= 0; --j) {\r\n                r = DistOfPoint(serchPoints[i], serchPoints[j]) - serchPoints[j].getR();\r\n                if (r <= 0) {\r\n                    serchPoints[i].setR(0);\r\n                    MinDist = 0.0;\r\n                    break;\r\n                }\r\n                if (MinDist > r) {\r\n                    MinDist = r;\r\n                }\r\n            }\r\n            serchPoints[i].setR(MinDist);\r\n            //System.out.println(MinDist);\r\n            Sum += MinDist * MinDist * MinDist * 3.14159265358979323846 * 4.0 / 3.0;\r\n\r\n        }\r\n        if (MaxSum < Sum) {\r\n            MaxSum = Sum;\r\n        }\r\n    }\r\n\r\n    public static double DistOfPoint(Point a, Point b) {\r\n        return Math.sqrt((a.getPos()[0] - b.getPos()[0]) * (a.getPos()[0] - b.getPos()[0])\r\n                + (a.getPos()[1] - b.getPos()[1]) * (a.getPos()[1] - b.getPos()[1])\r\n                + (a.getPos()[2] - b.getPos()[2]) * (a.getPos()[2] - b.getPos()[2]));\r\n\r\n    }\r\n}\r\n\r\nclass Point {\r\n\r\n    private int[] pos;\r\n    private double r;\r\n\r\n    public Point(int[] pos) {\r\n        this.pos = pos;\r\n    }\r\n\r\n    public int[] getPos() {\r\n        return pos;\r\n    }\r\n\r\n    public double getR() {\r\n        return r;\r\n    }\r\n\r\n    public void setR(double r) {\r\n        this.r = r;\r\n    }\r\n}\r\n'),(12,1,3,7,1,NULL,NULL,'2011-02-17 06:37:55','#include <iostream>\r\nusing namespace std;\r\nint main(){\r\ncout<<\\\"1\\\"<<endl;\r\nreturn 0;\r\n}'),(13,1,3,7,1,NULL,NULL,'2011-02-17 06:56:49','#include <iostream>\r\nusing namespace std;\r\nint main(){\r\ncout<<\\\"1\\\"<<endl;\r\nreturn 0;\r\n}'),(14,1,3,7,1,NULL,NULL,'2011-02-17 07:00:13','#include <iostream>\r\nusing namespace std;\r\nint main(){\r\ncout<<\\\"1\\\"<<endl;\r\nreturn 0;\r\n}'),(15,1,3,4,1,0,632,'2011-02-17 07:03:47','#include <iostream>\r\nusing namespace std;\r\nint main(){\r\ncout<<\"1\"<<endl;\r\nreturn 0;\r\n}'),(16,10001,3,3,1,0,668,'2011-02-17 07:05:27','#include <iostream>\r\nusing namespace std;\r\nint main(){\r\nint a,b;\r\nwhile(cin>>a>>b) {\r\ncout<<a+b<<endl;\r\n}\r\nreturn 0;\r\n}'),(17,10001,3,9,3,NULL,NULL,'2011-02-17 08:15:57','import java.io.*;\r\nimport java.util.*;\r\n\r\npublic class Main {\r\npublic static void main(String args[]) {\r\nint a,b;\r\nScanner cin = new Scanner(System.in);\r\nwhile(cin.hasNextInt()) {\r\na = cin.nextInt();\r\nb = cin.nextInt();\r\nSystem.out.println(a+b);\r\n}\r\n}\r\n}'),(18,10001,3,3,1,0,680,'2011-02-17 08:36:28','#include <iostream>\r\nusing namespace std;\r\nint main(){\r\nint a,b;\r\nwhile(cin>>a>>b) {\r\ncout<<a+b<<endl;\r\n}\r\nreturn 0;\r\n}'),(19,10001,33,3,2,0,484,'2011-03-24 06:20:20','#include <stdio.h>\r\nint main()\r\n{\r\n   int a,b;\r\n   scanf(\"%d%d\",&a,&b);\r\n   printf(\"%d\",a+b);\r\n   return 0;\r\n}'),(20,1,35,7,1,NULL,NULL,'2011-08-11 09:40:53','1\r\n2\r\n3\r\n4\r\n'),(21,10001,38,3,1,0,684,'2011-09-25 09:40:58','#include <iostream>\r\nusing namespace std;\r\nint main() {\r\n    int a, b;\r\n    while (cin >> a >> b) {\r\n       cout << a + b << endl;\r\n    }\r\n    return 0;\r\n}'),(35,19,49,4,1,0,0,'2012-03-22 05:18:15','#include <iostream>\r\n#include <stdio.h>\r\n#include <algorithm>\r\n#include <string.h>\r\n#include <queue>\r\n\r\nconst int maxn=30009;\r\n\r\nusing namespace std;\r\n\r\nint n;\r\nqueue<int> que;\r\n\r\nstruct node\r\n{\r\n    int to,next;\r\n}edge[maxn*10];\r\nint box[maxn],ecnt;\r\n\r\nvoid make_edge(int from,int to)\r\n{\r\n    edge[ecnt].to=to;\r\n    edge[ecnt].next=box[from];\r\n    box[from]=ecnt++;\r\n}\r\n\r\nint dfs(int u,int p,int d)\r\n{\r\n    if(d&1)\r\n    {\r\n        que.push(u);\r\n        for(int i=box[u];i+1;i=edge[i].next)\r\n        {\r\n            int v=edge[i].to;\r\n            if(v==p) continue;\r\n            dfs(v,u,d+1);\r\n        }\r\n    }\r\n    else\r\n    {\r\n        for(int i=box[u];i+1;i=edge[i].next)\r\n        {\r\n            int v=edge[i].to;\r\n            if(v==p) continue;\r\n            dfs(v,u,d+1);\r\n        }\r\n        que.push(u);\r\n    }\r\n    return 0;\r\n}\r\n\r\nint main()\r\n{\r\n    freopen(\"DRZ.IN\",\"r\",stdin);\r\n    freopen(\"DRZ.OUT\",\"w\",stdout);\r\n    while(scanf(\"%d\",&n)==1)\r\n    {\r\n        memset(box,-1,sizeof(box));ecnt=0;\r\n        for(int i=0;i<n-1;i++)\r\n        {\r\n            int u,v;\r\n            scanf(\"%d%d\",&u,&v);\r\n            make_edge(u,v);\r\n            make_edge(v,u);\r\n        }\r\n        dfs(1,1,0);\r\n        while(!que.empty()) printf(\"%d\\n\",que.front()),que.pop();\r\n    }\r\n    return 0;\r\n}\r\n'),(22,10001,3,3,2,0,488,'2011-09-26 03:52:21','#include <stdio.h>\r\nint main() {\r\n    int a, b;\r\n    while (scanf(\"%d %d\", &a, &b) != EOF) {\r\n        printf(\"%d\\n\", a + b);\r\n    }\r\n    return 0;\r\n}'),(23,10001,3,3,2,0,488,'2011-09-26 06:42:15','\r\n\r\n#include <stdio.h>\r\nint main() {\r\n    int a, b;\r\n    while (scanf(\"%d %d\", &a, &b) != EOF) {\r\n        printf(\"%d\\n\", a + b);\r\n    }\r\n    return 0;\r\n}'),(24,10001,3,3,1,0,688,'2011-09-26 06:42:35','\r\n#include <iostream>\r\nusing namespace std;\r\nint main(){\r\nint a,b;\r\nwhile(cin>>a>>b) {\r\ncout<<a+b<<endl;\r\n}\r\nreturn 0;\r\n}'),(25,10001,3,3,1,0,684,'2011-09-28 10:31:14','#include <iostream>\r\nusing namespace std;\r\nint main() {\r\n    int a,b;\r\n    while(cin >> a >> b) {\r\n        cout << a + b << endl;\r\n    }\r\n    return 0;\r\n}'),(26,1,39,7,2,NULL,NULL,'2011-10-01 15:07:30','#include'),(27,10001,3,3,1,0,688,'2011-10-02 14:41:52','#include <iostream>\r\nusing namespace std;\r\nint main() {\r\nint a,b;\r\nwhile(cin>>a>>b){\r\ncout << a + b << endl;\r\n}\r\nreturn 0;\r\n}'),(28,1001007,40,1,1,0,0,'2011-10-12 05:01:01','#include <iostream>\r\nusing namespace std;\r\nmain()\r\n{\r\nint a, b;\r\ncin>>a>>b;\r\ncout<<a+b;\r\n}'),(29,10002,42,4,3,15,6408,'2011-11-23 17:33:39','class Test\r\n{\r\n     public static void main(String[] args)\r\n    {\r\n        System.out.println(\"hello\");\r\n    }\r\n}'),(30,1,43,7,1,NULL,NULL,'2011-11-29 17:09:57','s'),(31,1,43,10,1,NULL,NULL,'2011-12-01 13:27:58','#include <iostream>\r\nusing namespace std;\r\n\r\nint main()\r\n{\r\n  while(true){\r\n    cout << \"Hello World!\";\r\n  }\r\n}'),(32,1,44,10,1,NULL,NULL,'2011-12-15 16:06:43','#include <iostream>\r\nusing namespace std;\r\n\r\nint main()\r\n{\r\n  while(1) cout << \"hello\";\r\n  return 0;\r\n}'),(33,10001,3,3,1,0,688,'2012-02-26 09:41:29','#include <iostream>\r\nusing namespace std;\r\nint main() {\r\n    int a,b;\r\n    while(cin >> a >> b) {\r\n        cout << a + b << endl;\r\n    }\r\n    return 0;\r\n}'),(34,10001,3,3,1,0,684,'2012-02-26 09:54:16','#include <iostream>\r\nusing namespace std;\r\nint main() {\r\n    int a,b;\r\n    while(cin >> a >> b) {\r\n        cout << a + b << endl;\r\n    }\r\n    return 0;\r\n}'),(36,2,49,4,1,0,0,'2012-03-22 05:23:54','#include <iostream>\r\n#include <string.h>\r\n#include <algorithm>\r\n#include <stdio.h>\r\n#include <cmath>\r\n#include <queue>\r\n#include <set>\r\n#include <vector>\r\n\r\nconst int inf=0x3f3f3f3f;\r\n\r\nusing namespace std;\r\n\r\nint xc,yc,xt,yt,n;\r\nstruct shelf\r\n{\r\n    int x,y,len,x1,x2;\r\n    bool operator < (const shelf r) const\r\n    {\r\n        return y<r.y;\r\n    }\r\n}a[101];\r\n\r\nvoid check(int k,int x,int &peg,int &cost)\r\n{\r\n    for(int i=k+1;i<n;i++)\r\n    {\r\n//        cout<<\"     i=\"<<i<<endl;\r\n        if(a[i].y>=a[k].y+yt) break;\r\n        if(x+xt<=a[i].x || a[i].x+a[i].len<=x) continue;\r\n        if(a[i].x2<=x)\r\n        {\r\n            int tmp;\r\n            if(x-a[i].x1<=a[i].x1) tmp=2*(x-a[i].x1);else tmp=x;\r\n            if(tmp<a[i].len) cost+=a[i].len-tmp;\r\n        }\r\n        else if(a[i].x1>=x+xt)\r\n        {\r\n            int tmp;\r\n            if(a[i].x2-x-xt<=xc-a[i].x2) tmp=2*(a[i].x2-x-xt);else tmp=xc-x-xt;\r\n            if(tmp<a[i].len) cost+=a[i].len-tmp;\r\n        }\r\n        else if(a[i].x1<=x && a[i].x2>x && a[i].x2<x+xt)\r\n        {\r\n            if(x==0) peg+=2,cost+=a[i].len;\r\n            else\r\n            {\r\n                peg++;\r\n                if(a[i].len>x) cost+=a[i].len-x;\r\n            }\r\n        }\r\n        else if(a[i].x1>x && a[i].x1<x+xt && a[i].x2>=x+xt)\r\n        {\r\n            if(x+xt==xc) peg+=2,cost+=a[i].len;\r\n            else\r\n            {\r\n                peg++;\r\n                if(a[i].len>xc-x-xt) cost+=a[i].len-xc+x+xt;\r\n            }\r\n        }\r\n        else if(a[i].x1<=x && a[i].x2>=xt)\r\n        {\r\n            if(x==0 && xt==xc) peg+=2;else peg++;\r\n            int tmp=max(x,xc-x-xt);\r\n            if(a[i].len>tmp) cost+=a[i].len-tmp;\r\n        }\r\n        else if(a[i].x1>x && a[i].x2<x+xt)\r\n        {\r\n            peg+=2;\r\n            cost+=a[i].len;\r\n        }\r\n    }\r\n}\r\n\r\nvoid work(int k,int &ans_peg,int &ans_cost)\r\n{\r\n//    cout<<k<<\" :\"<<endl;\r\n    for(int i=0;i+xt<=xc;i++)\r\n    {\r\n        int peg=0,cost=0;\r\n        if(i+a[k].len<a[k].x1) continue;\r\n        if(a[k].x2+a[k].len<i+xt) break;\r\n        if((a[k].x1-i)*2>a[k].len) peg++;\r\n        else if((i+xt-a[k].x2)*2>a[k].len) peg++;\r\n        else if(a[k].x2-i>a[k].len) peg++;\r\n        else if(i+xt-a[k].x1>a[k].len) peg++;\r\n//        cout<<i<<\" \"<<peg<<\" \"<<cost<<endl;\r\n        check(k,i,peg,cost);\r\n//        cout<<peg<<\" \"<<cost<<endl;\r\n        if(peg<ans_peg || (peg==ans_peg && cost<ans_cost)) ans_peg=peg,ans_cost=cost;\r\n    }\r\n}\r\n\r\nint main()\r\n{\r\n//    freopen(\"in\",\"r\",stdin);\r\n    while(scanf(\"%d%d%d%d\",&xc,&yc,&xt,&yt)==4)\r\n    {\r\n        scanf(\"%d\",&n);\r\n        for(int i=0;i<n;i++)\r\n            scanf(\"%d%d%d%d%d\",&a[i].y,&a[i].x,&a[i].len,&a[i].x1,&a[i].x2),a[i].x1+=a[i].x,a[i].x2+=a[i].x;\r\n        sort(a,a+n);\r\n        int ans_peg=inf,ans_cost=inf;\r\n        for(int i=0;i<n;i++)\r\n        {\r\n            if(a[i].y+yt>yc) break;\r\n            if(a[i].len>=xt) work(i,ans_peg,ans_cost);\r\n        }\r\n        printf(\"%d %d\\n\",ans_peg,ans_cost);\r\n    }\r\n    return 0;\r\n}\r\n'),(37,2,49,4,1,0,0,'2012-03-22 05:25:31','#include <iostream>\r\n#include <string.h>\r\n#include <algorithm>\r\n#include <stdio.h>\r\n#include <cmath>\r\n#include <queue>\r\n#include <set>\r\n#include <vector>\r\n\r\nconst int inf=0x3f3f3f3f;\r\n\r\nusing namespace std;\r\n\r\nint xc,yc,xt,yt,n;\r\nstruct shelf\r\n{\r\n    int x,y,len,x1,x2;\r\n    bool operator < (const shelf r) const\r\n    {\r\n        return y<r.y;\r\n    }\r\n}a[101];\r\n\r\nvoid check(int k,int x,int &peg,int &cost)\r\n{\r\n    for(int i=k+1;i<n;i++)\r\n    {\r\n//        cout<<\"     i=\"<<i<<endl;\r\n        if(a[i].y>=a[k].y+yt) break;\r\n        if(x+xt<=a[i].x || a[i].x+a[i].len<=x) continue;\r\n        if(a[i].x2<=x)\r\n        {\r\n            int tmp;\r\n            if(x-a[i].x1<=a[i].x1) tmp=2*(x-a[i].x1);else tmp=x;\r\n            if(tmp<a[i].len) cost+=a[i].len-tmp;\r\n        }\r\n        else if(a[i].x1>=x+xt)\r\n        {\r\n            int tmp;\r\n            if(a[i].x2-x-xt<=xc-a[i].x2) tmp=2*(a[i].x2-x-xt);else tmp=xc-x-xt;\r\n            if(tmp<a[i].len) cost+=a[i].len-tmp;\r\n        }\r\n        else if(a[i].x1<=x && a[i].x2>x && a[i].x2<x+xt)\r\n        {\r\n            if(x==0) peg+=2,cost+=a[i].len;\r\n            else\r\n            {\r\n                peg++;\r\n                if(a[i].len>x) cost+=a[i].len-x;\r\n            }\r\n        }\r\n        else if(a[i].x1>x && a[i].x1<x+xt && a[i].x2>=x+xt)\r\n        {\r\n            if(x+xt==xc) peg+=2,cost+=a[i].len;\r\n            else\r\n            {\r\n                peg++;\r\n                if(a[i].len>xc-x-xt) cost+=a[i].len-xc+x+xt;\r\n            }\r\n        }\r\n        else if(a[i].x1<=x && a[i].x2>=xt)\r\n        {\r\n            if(x==0 && xt==xc) peg+=2;else peg++;\r\n            int tmp=max(x,xc-x-xt);\r\n            if(a[i].len>tmp) cost+=a[i].len-tmp;\r\n        }\r\n        else if(a[i].x1>x && a[i].x2<x+xt)\r\n        {\r\n            peg+=2;\r\n            cost+=a[i].len;\r\n        }\r\n    }\r\n}\r\n\r\nvoid work(int k,int &ans_peg,int &ans_cost)\r\n{\r\n//    cout<<k<<\" :\"<<endl;\r\n    for(int i=0;i+xt<=xc;i++)\r\n    {\r\n        int peg=0,cost=0;\r\n        if(i+a[k].len<a[k].x1) continue;\r\n        if(a[k].x2+a[k].len<i+xt) break;\r\n        if((a[k].x1-i)*2>a[k].len) peg++;\r\n        else if((i+xt-a[k].x2)*2>a[k].len) peg++;\r\n        else if(a[k].x2-i>a[k].len) peg++;\r\n        else if(i+xt-a[k].x1>a[k].len) peg++;\r\n//        cout<<i<<\" \"<<peg<<\" \"<<cost<<endl;\r\n        check(k,i,peg,cost);\r\n//        cout<<peg<<\" \"<<cost<<endl;\r\n        if(peg<ans_peg || (peg==ans_peg && cost<ans_cost)) ans_peg=peg,ans_cost=cost;\r\n    }\r\n}\r\n\r\nint main()\r\n{\r\n//    freopen(\"in\",\"r\",stdin);\r\n    while(scanf(\"%d%d%d%d\",&xc,&yc,&xt,&yt)==4)\r\n    {\r\n        scanf(\"%d\",&n);\r\n        for(int i=0;i<n;i++)\r\n            scanf(\"%d%d%d%d%d\",&a[i].y,&a[i].x,&a[i].len,&a[i].x1,&a[i].x2),a[i].x1+=a[i].x,a[i].x2+=a[i].x;\r\n        sort(a,a+n);\r\n        int ans_peg=inf,ans_cost=inf;\r\n        for(int i=0;i<n;i++)\r\n        {\r\n            if(a[i].y+yt>yc) break;\r\n            if(a[i].len>=xt) work(i,ans_peg,ans_cost);\r\n        }\r\n        printf(\"%d %d\\n\",ans_peg,ans_cost);\r\n    }\r\n    return 0;\r\n}\r\n'),(38,2,49,4,1,0,0,'2012-03-22 05:26:50','#include <iostream>\r\n#include <string.h>\r\n#include <algorithm>\r\n#include <stdio.h>\r\n#include <cmath>\r\n#include <queue>\r\n#include <set>\r\n#include <vector>\r\n\r\nconst int inf=0x3f3f3f3f;\r\n\r\nusing namespace std;\r\n\r\nint xc,yc,xt,yt,n;\r\nstruct shelf\r\n{\r\n    int x,y,len,x1,x2;\r\n    bool operator < (const shelf r) const\r\n    {\r\n        return y<r.y;\r\n    }\r\n}a[101];\r\n\r\nvoid check(int k,int x,int &peg,int &cost)\r\n{\r\n    for(int i=k+1;i<n;i++)\r\n    {\r\n//        cout<<\"     i=\"<<i<<endl;\r\n        if(a[i].y>=a[k].y+yt) break;\r\n        if(x+xt<=a[i].x || a[i].x+a[i].len<=x) continue;\r\n        if(a[i].x2<=x)\r\n        {\r\n            int tmp;\r\n            if(x-a[i].x1<=a[i].x1) tmp=2*(x-a[i].x1);else tmp=x;\r\n            if(tmp<a[i].len) cost+=a[i].len-tmp;\r\n        }\r\n        else if(a[i].x1>=x+xt)\r\n        {\r\n            int tmp;\r\n            if(a[i].x2-x-xt<=xc-a[i].x2) tmp=2*(a[i].x2-x-xt);else tmp=xc-x-xt;\r\n            if(tmp<a[i].len) cost+=a[i].len-tmp;\r\n        }\r\n        else if(a[i].x1<=x && a[i].x2>x && a[i].x2<x+xt)\r\n        {\r\n            if(x==0) peg+=2,cost+=a[i].len;\r\n            else\r\n            {\r\n                peg++;\r\n                if(a[i].len>x) cost+=a[i].len-x;\r\n            }\r\n        }\r\n        else if(a[i].x1>x && a[i].x1<x+xt && a[i].x2>=x+xt)\r\n        {\r\n            if(x+xt==xc) peg+=2,cost+=a[i].len;\r\n            else\r\n            {\r\n                peg++;\r\n                if(a[i].len>xc-x-xt) cost+=a[i].len-xc+x+xt;\r\n            }\r\n        }\r\n        else if(a[i].x1<=x && a[i].x2>=xt)\r\n        {\r\n            if(x==0 && xt==xc) peg+=2;else peg++;\r\n            int tmp=max(x,xc-x-xt);\r\n            if(a[i].len>tmp) cost+=a[i].len-tmp;\r\n        }\r\n        else if(a[i].x1>x && a[i].x2<x+xt)\r\n        {\r\n            peg+=2;\r\n            cost+=a[i].len;\r\n        }\r\n    }\r\n}\r\n\r\nvoid work(int k,int &ans_peg,int &ans_cost)\r\n{\r\n//    cout<<k<<\" :\"<<endl;\r\n    for(int i=0;i+xt<=xc;i++)\r\n    {\r\n        int peg=0,cost=0;\r\n        if(i+a[k].len<a[k].x1) continue;\r\n        if(a[k].x2+a[k].len<i+xt) break;\r\n        if((a[k].x1-i)*2>a[k].len) peg++;\r\n        else if((i+xt-a[k].x2)*2>a[k].len) peg++;\r\n        else if(a[k].x2-i>a[k].len) peg++;\r\n        else if(i+xt-a[k].x1>a[k].len) peg++;\r\n//        cout<<i<<\" \"<<peg<<\" \"<<cost<<endl;\r\n        check(k,i,peg,cost);\r\n//        cout<<peg<<\" \"<<cost<<endl;\r\n        if(peg<ans_peg || (peg==ans_peg && cost<ans_cost)) ans_peg=peg,ans_cost=cost;\r\n    }\r\n}\r\n\r\nint main()\r\n{\r\n    freopen(\"library.in\",\"r\",stdin);\r\n    freopen(\"library.out\",\"w\",stdout);\r\n    while(scanf(\"%d%d%d%d\",&xc,&yc,&xt,&yt)==4)\r\n    {\r\n        scanf(\"%d\",&n);\r\n        for(int i=0;i<n;i++)\r\n            scanf(\"%d%d%d%d%d\",&a[i].y,&a[i].x,&a[i].len,&a[i].x1,&a[i].x2),a[i].x1+=a[i].x,a[i].x2+=a[i].x;\r\n        sort(a,a+n);\r\n        int ans_peg=inf,ans_cost=inf;\r\n        for(int i=0;i<n;i++)\r\n        {\r\n            if(a[i].y+yt>yc) break;\r\n            if(a[i].len>=xt) work(i,ans_peg,ans_cost);\r\n        }\r\n        printf(\"%d %d\\n\",ans_peg,ans_cost);\r\n    }\r\n    return 0;\r\n}\r\n'),(39,2,49,4,1,0,0,'2012-03-22 05:29:26','#include <iostream>\r\n#include <string.h>\r\n#include <algorithm>\r\n#include <stdio.h>\r\n#include <cmath>\r\n#include <queue>\r\n#include <set>\r\n#include <vector>\r\n\r\nconst int inf=0x3f3f3f3f;\r\n\r\nusing namespace std;\r\n\r\nint xc,yc,xt,yt,n;\r\nstruct shelf\r\n{\r\n    int x,y,len,x1,x2;\r\n    bool operator < (const shelf r) const\r\n    {\r\n        return y<r.y;\r\n    }\r\n}a[101];\r\n\r\nvoid check(int k,int x,int &peg,int &cost)\r\n{\r\n    for(int i=k+1;i<n;i++)\r\n    {\r\n//        cout<<\"     i=\"<<i<<endl;\r\n        if(a[i].y>=a[k].y+yt) break;\r\n        if(x+xt<=a[i].x || a[i].x+a[i].len<=x) continue;\r\n        if(a[i].x2<=x)\r\n        {\r\n            int tmp;\r\n            if(x-a[i].x1<=a[i].x1) tmp=2*(x-a[i].x1);else tmp=x;\r\n            if(tmp<a[i].len) cost+=a[i].len-tmp;\r\n        }\r\n        else if(a[i].x1>=x+xt)\r\n        {\r\n            int tmp;\r\n            if(a[i].x2-x-xt<=xc-a[i].x2) tmp=2*(a[i].x2-x-xt);else tmp=xc-x-xt;\r\n            if(tmp<a[i].len) cost+=a[i].len-tmp;\r\n        }\r\n        else if(a[i].x1<=x && a[i].x2>x && a[i].x2<x+xt)\r\n        {\r\n            if(x==0) peg+=2,cost+=a[i].len;\r\n            else\r\n            {\r\n                peg++;\r\n                if(a[i].len>x) cost+=a[i].len-x;\r\n            }\r\n        }\r\n        else if(a[i].x1>x && a[i].x1<x+xt && a[i].x2>=x+xt)\r\n        {\r\n            if(x+xt==xc) peg+=2,cost+=a[i].len;\r\n            else\r\n            {\r\n                peg++;\r\n                if(a[i].len>xc-x-xt) cost+=a[i].len-xc+x+xt;\r\n            }\r\n        }\r\n        else if(a[i].x1<=x && a[i].x2>=xt)\r\n        {\r\n            if(x==0 && xt==xc) peg+=2;else peg++;\r\n            int tmp=max(x,xc-x-xt);\r\n            if(a[i].len>tmp) cost+=a[i].len-tmp;\r\n        }\r\n        else if(a[i].x1>x && a[i].x2<x+xt)\r\n        {\r\n            peg+=2;\r\n            cost+=a[i].len;\r\n        }\r\n    }\r\n}\r\n\r\nvoid work(int k,int &ans_peg,int &ans_cost)\r\n{\r\n//    cout<<k<<\" :\"<<endl;\r\n    for(int i=0;i+xt<=xc;i++)\r\n    {\r\n        int peg=0,cost=0;\r\n        if(i+a[k].len<a[k].x1) continue;\r\n        if(a[k].x2+a[k].len<i+xt) break;\r\n        if((a[k].x1-i)*2>a[k].len) peg++;\r\n        else if((i+xt-a[k].x2)*2>a[k].len) peg++;\r\n        else if(a[k].x2-i>a[k].len) peg++;\r\n        else if(i+xt-a[k].x1>a[k].len) peg++;\r\n//        cout<<i<<\" \"<<peg<<\" \"<<cost<<endl;\r\n        check(k,i,peg,cost);\r\n//        cout<<peg<<\" \"<<cost<<endl;\r\n        if(peg<ans_peg || (peg==ans_peg && cost<ans_cost)) ans_peg=peg,ans_cost=cost;\r\n    }\r\n}\r\n\r\nint main()\r\n{\r\n    freopen(\"library.in\",\"r\",stdin);\r\n    freopen(\"library.out\",\"w\",stdout);\r\n    while(scanf(\"%d%d%d%d\",&xc,&yc,&xt,&yt)==4)\r\n    {\r\n        scanf(\"%d\",&n);\r\n        for(int i=0;i<n;i++)\r\n            scanf(\"%d%d%d%d%d\",&a[i].y,&a[i].x,&a[i].len,&a[i].x1,&a[i].x2),a[i].x1+=a[i].x,a[i].x2+=a[i].x;\r\n        sort(a,a+n);\r\n        int ans_peg=inf,ans_cost=inf;\r\n        for(int i=0;i<n;i++)\r\n        {\r\n            if(a[i].y+yt>yc) break;\r\n            if(a[i].len>=xt) work(i,ans_peg,ans_cost);\r\n        }\r\n        printf(\"%d %d\\n\",ans_peg,ans_cost);\r\n    }\r\n    return 0;\r\n}\r\n'),(40,2,49,4,1,0,0,'2012-03-22 05:31:42','#include <iostream>\r\n#include <string.h>\r\n#include <algorithm>\r\n#include <stdio.h>\r\n#include <cmath>\r\n#include <queue>\r\n#include <set>\r\n#include <vector>\r\n\r\nconst int inf=0x3f3f3f3f;\r\n\r\nusing namespace std;\r\n\r\nint xc,yc,xt,yt,n;\r\nstruct shelf\r\n{\r\n    int x,y,len,x1,x2;\r\n    bool operator < (const shelf r) const\r\n    {\r\n        return y<r.y;\r\n    }\r\n}a[101];\r\n\r\nvoid check(int k,int x,int &peg,int &cost)\r\n{\r\n    for(int i=k+1;i<n;i++)\r\n    {\r\n//        cout<<\"     i=\"<<i<<endl;\r\n        if(a[i].y>=a[k].y+yt) break;\r\n        if(x+xt<=a[i].x || a[i].x+a[i].len<=x) continue;\r\n        if(a[i].x2<=x)\r\n        {\r\n            int tmp;\r\n            if(x-a[i].x1<=a[i].x1) tmp=2*(x-a[i].x1);else tmp=x;\r\n            if(tmp<a[i].len) cost+=a[i].len-tmp;\r\n        }\r\n        else if(a[i].x1>=x+xt)\r\n        {\r\n            int tmp;\r\n            if(a[i].x2-x-xt<=xc-a[i].x2) tmp=2*(a[i].x2-x-xt);else tmp=xc-x-xt;\r\n            if(tmp<a[i].len) cost+=a[i].len-tmp;\r\n        }\r\n        else if(a[i].x1<=x && a[i].x2>x && a[i].x2<x+xt)\r\n        {\r\n            if(x==0) peg+=2,cost+=a[i].len;\r\n            else\r\n            {\r\n                peg++;\r\n                if(a[i].len>x) cost+=a[i].len-x;\r\n            }\r\n        }\r\n        else if(a[i].x1>x && a[i].x1<x+xt && a[i].x2>=x+xt)\r\n        {\r\n            if(x+xt==xc) peg+=2,cost+=a[i].len;\r\n            else\r\n            {\r\n                peg++;\r\n                if(a[i].len>xc-x-xt) cost+=a[i].len-xc+x+xt;\r\n            }\r\n        }\r\n        else if(a[i].x1<=x && a[i].x2>=xt)\r\n        {\r\n            if(x==0 && xt==xc) peg+=2;else peg++;\r\n            int tmp=max(x,xc-x-xt);\r\n            if(a[i].len>tmp) cost+=a[i].len-tmp;\r\n        }\r\n        else if(a[i].x1>x && a[i].x2<x+xt)\r\n        {\r\n            peg+=2;\r\n            cost+=a[i].len;\r\n        }\r\n    }\r\n}\r\n\r\nvoid work(int k,int &ans_peg,int &ans_cost)\r\n{\r\n//    cout<<k<<\" :\"<<endl;\r\n    for(int i=0;i+xt<=xc;i++)\r\n    {\r\n        int peg=0,cost=0;\r\n        if(i+a[k].len<a[k].x1) continue;\r\n        if(a[k].x2+a[k].len<i+xt) break;\r\n        if((a[k].x1-i)*2>a[k].len) peg++;\r\n        else if((i+xt-a[k].x2)*2>a[k].len) peg++;\r\n        else if(a[k].x2-i>a[k].len) peg++;\r\n        else if(i+xt-a[k].x1>a[k].len) peg++;\r\n//        cout<<i<<\" \"<<peg<<\" \"<<cost<<endl;\r\n        check(k,i,peg,cost);\r\n//        cout<<peg<<\" \"<<cost<<endl;\r\n        if(peg<ans_peg || (peg==ans_peg && cost<ans_cost)) ans_peg=peg,ans_cost=cost;\r\n    }\r\n}\r\n\r\nint main()\r\n{\r\n    freopen(\"library.in\",\"r\",stdin);\r\n//    freopen(\"library.out\",\"w\",stdout);\r\n    while(scanf(\"%d%d%d%d\",&xc,&yc,&xt,&yt)==4)\r\n    {\r\n        scanf(\"%d\",&n);\r\n        for(int i=0;i<n;i++)\r\n            scanf(\"%d%d%d%d%d\",&a[i].y,&a[i].x,&a[i].len,&a[i].x1,&a[i].x2),a[i].x1+=a[i].x,a[i].x2+=a[i].x;\r\n        sort(a,a+n);\r\n        int ans_peg=inf,ans_cost=inf;\r\n        for(int i=0;i<n;i++)\r\n        {\r\n            if(a[i].y+yt>yc) break;\r\n            if(a[i].len>=xt) work(i,ans_peg,ans_cost);\r\n        }\r\n        printf(\"%d %d\\n\",ans_peg,ans_cost);\r\n    }\r\n    return 0;\r\n}\r\n'),(41,1,49,7,1,NULL,NULL,'2012-03-22 05:33:39','#include<iostream>\r\n#include<cmath>\r\n#include<algorithm>\r\n\r\nusing namespace std;\r\n\r\n#define eps 1e-8\r\n#define pi acos(-1.0)\r\n\r\nstruct point\r\n{\r\n    double x,y,z;\r\n} p[10];\r\nint a[6];\r\ndouble d[6],r[6];\r\ndouble x[2],y[2],z[2];\r\nint n;\r\n\r\nint dblcmp(double x)\r\n{\r\n    if(x>eps)\r\n        return 1;\r\n    return x<-eps?-1:0;\r\n}\r\ndouble min(double x,double y)\r\n{\r\n    return dblcmp(x-y)<0?x:y;\r\n}\r\ndouble sd(point u)\r\n{\r\n    double mi,tx,ty,tz;\r\n    tx=min(fabs(u.x-x[0]),fabs(u.x-x[1]));\r\n    ty=min(fabs(u.y-y[0]),fabs(u.y-y[1]));\r\n    tz=min(fabs(u.z-z[0]),fabs(u.z-z[1]));\r\n    mi=min(tx,ty);\r\n    return min(mi,tz);\r\n}\r\ndouble dis(point u,point v)\r\n{\r\n    double tx,ty,tz;\r\n    tx=u.x-v.x;\r\n    ty=u.y-v.y;\r\n    tz=u.z-v.z;\r\n    return sqrt(tx*tx+ty*ty+tz*tz);\r\n}\r\n\r\nint main()\r\n{\r\n    int i,j,ca=0;\r\n    double mi,tp,ans,vol,v;\r\n    while(scanf(\"%d\",&n)==1)\r\n    {\r\n        i=0;\r\n        while(i<2)\r\n        {\r\n            scanf(\"%lf%lf%lf\",&x[i],&y[i],&z[i]);\r\n            i++;\r\n        }\r\n        vol=fabs((x[0]-x[1])*(y[0]-y[1])*(z[0]-z[1]));\r\n        i=0;\r\n        while(i<n)\r\n        {\r\n            scanf(\"%lf%lf%lf\",&p[i].x,&p[i].y,&p[i].z);\r\n            d[i]=sd(p[i]);\r\n            a[i]=i;\r\n            i++;\r\n        }\r\n        ans=0;\r\n        do\r\n        {\r\n            i=0;\r\n            while(i<n)\r\n                r[i++]=0.0;\r\n            v=0;\r\n            i=0;\r\n            while(i<n)\r\n            {\r\n                mi=d[a[i]];\r\n                j=0;\r\n                while(j<n)\r\n                {\r\n                    if(j!=a[i]&&dblcmp(r[j])>0)\r\n                    {\r\n                        tp=dis(p[a[i]],p[j])-r[j];\r\n                        if(dblcmp(tp)<0)\r\n                        {\r\n                            mi=0.0;\r\n                            break;\r\n                        }\r\n                        if(dblcmp(tp-mi)<0)\r\n                            mi=tp;\r\n                    }\r\n                    j++;\r\n                }\r\n                r[a[i++]]=mi;\r\n                v+=mi*mi*mi;\r\n            }\r\n            if(dblcmp(v-ans)>0)\r\n                ans=v;\r\n        }while(next_permutation(a,a+n));\r\n        printf(\"Box %d: %.0lf\\n\",++ca,vol-4.0/3.0*pi*ans);\r\n    }\r\n    return 0;\r\n}'),(42,1,49,4,1,2,748,'2012-03-22 05:34:18','#include<iostream>\r\n#include<cmath>\r\n#include<algorithm>\r\n#include <stdio.h>\r\nusing namespace std;\r\n\r\n#define eps 1e-8\r\n#define pi acos(-1.0)\r\n\r\nstruct point\r\n{\r\n    double x,y,z;\r\n} p[10];\r\nint a[6];\r\ndouble d[6],r[6];\r\ndouble x[2],y[2],z[2];\r\nint n;\r\n\r\nint dblcmp(double x)\r\n{\r\n    if(x>eps)\r\n        return 1;\r\n    return x<-eps?-1:0;\r\n}\r\ndouble min(double x,double y)\r\n{\r\n    return dblcmp(x-y)<0?x:y;\r\n}\r\ndouble sd(point u)\r\n{\r\n    double mi,tx,ty,tz;\r\n    tx=min(fabs(u.x-x[0]),fabs(u.x-x[1]));\r\n    ty=min(fabs(u.y-y[0]),fabs(u.y-y[1]));\r\n    tz=min(fabs(u.z-z[0]),fabs(u.z-z[1]));\r\n    mi=min(tx,ty);\r\n    return min(mi,tz);\r\n}\r\ndouble dis(point u,point v)\r\n{\r\n    double tx,ty,tz;\r\n    tx=u.x-v.x;\r\n    ty=u.y-v.y;\r\n    tz=u.z-v.z;\r\n    return sqrt(tx*tx+ty*ty+tz*tz);\r\n}\r\n\r\nint main()\r\n{\r\n    int i,j,ca=0;\r\n    double mi,tp,ans,vol,v;\r\n    while(scanf(\"%d\",&n)==1)\r\n    {\r\n        i=0;\r\n        while(i<2)\r\n        {\r\n            scanf(\"%lf%lf%lf\",&x[i],&y[i],&z[i]);\r\n            i++;\r\n        }\r\n        vol=fabs((x[0]-x[1])*(y[0]-y[1])*(z[0]-z[1]));\r\n        i=0;\r\n        while(i<n)\r\n        {\r\n            scanf(\"%lf%lf%lf\",&p[i].x,&p[i].y,&p[i].z);\r\n            d[i]=sd(p[i]);\r\n            a[i]=i;\r\n            i++;\r\n        }\r\n        ans=0;\r\n        do\r\n        {\r\n            i=0;\r\n            while(i<n)\r\n                r[i++]=0.0;\r\n            v=0;\r\n            i=0;\r\n            while(i<n)\r\n            {\r\n                mi=d[a[i]];\r\n                j=0;\r\n                while(j<n)\r\n                {\r\n                    if(j!=a[i]&&dblcmp(r[j])>0)\r\n                    {\r\n                        tp=dis(p[a[i]],p[j])-r[j];\r\n                        if(dblcmp(tp)<0)\r\n                        {\r\n                            mi=0.0;\r\n                            break;\r\n                        }\r\n                        if(dblcmp(tp-mi)<0)\r\n                            mi=tp;\r\n                    }\r\n                    j++;\r\n                }\r\n                r[a[i++]]=mi;\r\n                v+=mi*mi*mi;\r\n            }\r\n            if(dblcmp(v-ans)>0)\r\n                ans=v;\r\n        }while(next_permutation(a,a+n));\r\n        printf(\"Box %d: %.0lf\\n\",++ca,vol-4.0/3.0*pi*ans);\r\n    }\r\n    return 0;\r\n}\r\n'),(43,48,51,4,1,0,0,'2012-04-22 06:24:28','#include<stdio.h>\r\n#include<stdlib.h>\r\n#include<string.h>\r\n#include<iostream>\r\n#include<math.h>\r\n#include<vector>\r\n#include<algorithm>\r\n#include<queue>\r\nusing namespace std;\r\nint effor(int x , int y)\r\n{\r\n    if(x == 1 && y == 3)return 4;\r\n    if(x == 3 && y == 1)return 4;\r\n    if(x == 2 && y == 4)return 4;\r\n    if(x == 4 && y == 2)return 4;\r\n    if(x == 0)return 2;\r\n    if(y == 0)return 2;\r\n    if(x == y)return 1;\r\n    if(x == 1 && y == 2)return 3;\r\n    if(x == 1 && y == 4)return 3;\r\n    if(y == 1 && x == 2)return 3;\r\n    if(x == 2 && y == 3)return 3;\r\n    if(x == 3 && y == 2)return 3;\r\n    if(x == 3 && y == 4)return 3;\r\n    if(x == 4 && y == 3)return 3;\r\n    if(x == 4 && y == 1)return 3;\r\n}\r\nconst int mn = 111111;\r\nint dp[mn][5][5],test[mn];\r\nint main()\r\n{\r\n   // freopen(\"in1.txt\",\"r\",stdin);\r\n   // freopen(\"ou1.txt\",\"w\",stdout);\r\n    int n;\r\n    while(scanf(\"%d\",&test[1]) && test[1] != 0)\r\n    {\r\n        n = 1;\r\n        for(int i = 2 ;  ; i++)\r\n        {\r\n            scanf(\"%d\",&test[i]);\r\n            if(test[i] == 0)break;\r\n            n = i;\r\n        }\r\n        memset(dp,0x3f3f3f3f,sizeof(dp));\r\n        //0...1.up..2 right . 3 down  4 left\r\n        dp[n+1][test[n-1]][test[n]] = 0;\r\n        dp[n+1][test[n]][test[n-1]] = 0;\r\n        for(int i = n ; i >= 1 ; i--)\r\n        {\r\n            for(int j = 0 ; j <= 4 ; j++)\r\n            {\r\n                for(int k = 0 ; k <= 4 ; k++)\r\n                {\r\n                    dp[i][j][k] = min(dp[i+1][j][test[i]] + effor(k,test[i]) , dp[i+1][test[i]][k] + effor(j,test[i]));\r\n                  //  printf(\"%d   %d   %d  %d\\n\",i,j,k,dp[i][j][k]);\r\n                }\r\n            }\r\n\r\n        }\r\n        printf(\"%d\\n\",dp[1][0][0]);\r\n    }\r\n}\r\n'),(44,48,51,4,1,0,0,'2012-04-22 06:25:03','#include<stdio.h>\r\n#include<stdlib.h>\r\n#include<string.h>\r\n#include<iostream>\r\n#include<math.h>\r\n#include<vector>\r\n#include<algorithm>\r\n#include<queue>\r\nusing namespace std;\r\nint effor(int x , int y)\r\n{\r\n    if(x == 1 && y == 3)return 4;\r\n    if(x == 3 && y == 1)return 4;\r\n    if(x == 2 && y == 4)return 4;\r\n    if(x == 4 && y == 2)return 4;\r\n    if(x == 0)return 2;\r\n    if(y == 0)return 2;\r\n    if(x == y)return 1;\r\n    if(x == 1 && y == 2)return 3;\r\n    if(x == 1 && y == 4)return 3;\r\n    if(y == 1 && x == 2)return 3;\r\n    if(x == 2 && y == 3)return 3;\r\n    if(x == 3 && y == 2)return 3;\r\n    if(x == 3 && y == 4)return 3;\r\n    if(x == 4 && y == 3)return 3;\r\n    if(x == 4 && y == 1)return 3;\r\n}\r\nconst int mn = 111111;\r\nint dp[mn][5][5],test[mn];\r\nint main()\r\n{\r\n   // freopen(\"in1.txt\",\"r\",stdin);\r\n   // freopen(\"ou1.txt\",\"w\",stdout);\r\n    int n;\r\n    while(scanf(\"%d\",&test[1]) && test[1] != 0)\r\n    {\r\n        n = 1;\r\n        for(int i = 2 ;  ; i++)\r\n        {\r\n            scanf(\"%d\",&test[i]);\r\n            if(test[i] == 0)break;\r\n            n = i;\r\n        }\r\n        memset(dp,0x3f3f3f3f,sizeof(dp));\r\n        //0...1.up..2 right . 3 down  4 left\r\n        dp[n+1][test[n-1]][test[n]] = 0;\r\n        dp[n+1][test[n]][test[n-1]] = 0;\r\n        for(int i = n ; i >= 1 ; i--)\r\n        {\r\n            for(int j = 0 ; j <= 4 ; j++)\r\n            {\r\n                for(int k = 0 ; k <= 4 ; k++)\r\n                {\r\n                    dp[i][j][k] = min(dp[i+1][j][test[i]] + effor(k,test[i]) , dp[i+1][test[i]][k] + effor(j,test[i]));\r\n                  //  printf(\"%d   %d   %d  %d\\n\",i,j,k,dp[i][j][k]);\r\n                }\r\n            }\r\n\r\n        }\r\n        printf(\"%d\\n\",dp[1][0][0]);\r\n    }\r\n}\r\n'),(45,48,54,4,1,0,0,'2012-05-07 02:33:21','#include <iostream>\r\n#include <cstdio>\r\n#include <cstring>\r\n#include <cstdlib>\r\n#include <stack>\r\n#include <cmath>\r\n#include <algorithm>\r\n\r\n\r\n#define CL(arr, val)    memset(arr, val, sizeof(arr))\r\n#define REP(i, n)       for(i = 0; i < n; ++i)\r\n#define FOR(i, l, h)    for(i = l; i <= h; ++i)\r\n#define FORD(i, h, l)   for(i = h; i >= l; --i)\r\n#define L(x)    x << 1\r\n#define R(x)    x << 1 | 1\r\n#define MID(l, r)  (l + r) >> 1\r\ntypedef long long LL;\r\n\r\nusing namespace std;\r\n\r\nconst int N = 5024;\r\nconst int inf = ~0u>>2;\r\n\r\nint dp[5][5][N];\r\nbool vis[5][5][N];\r\nint a[N], n;\r\n\r\nint sum(int x, int y) {\r\n    if(x == y)  return 1;\r\n    if(x == 0)  return 2;\r\n    if(x - y == 1 || y - x == 1 || x - y == 3 || y - x == 3)    return 3;\r\n    if(x - y == 2 || y - x == 2)    return 4;\r\n}\r\n\r\nint dfs(int x, int y, int k) {\r\n    if(vis[x][y][k])    return dp[x][y][k];\r\n    if(k == n - 1) {\r\n        dp[x][y][k] = min(sum(x, a[k]), sum(y, a[k]));\r\n        vis[x][y][k] = true;\r\n        return dp[x][y][k];\r\n    }\r\n\r\n    int t;\r\n    t = min(dfs(x, a[k], k + 1) + sum(y, a[k]), dfs(a[k], y, k + 1) + sum(x, a[k]));\r\n    dp[x][y][k] = t;\r\n    vis[x][y][k] = true;\r\n    return t;\r\n}\r\n\r\nint main() {\r\n    //freopen(\"data.in\", \"r\", stdin);\r\n\r\n    while(1) {\r\n        n = 0;\r\n        while(scanf(\"%d\", &a[n]), a[n]) n++;\r\n        if(a[0] == 0)   break;\r\n        CL(dp, 0);\r\n        CL(vis, 0);\r\n        printf(\"%d\\n\", dfs(0, 0, 0));\r\n    }\r\n    return 0;\r\n}\r\n'),(46,10001,56,3,1,0,700,'2012-05-31 14:45:16','#include <iostream>\r\nusing namespace std;\r\nint main() {\r\n    int a, b;\r\n    while (cin >> a >> b) {\r\n        cout << a + b << endl;\r\n    }\r\n    return 0;\r\n}'),(47,11,58,7,1,NULL,NULL,'2012-06-05 22:18:49','#include<cstdio>\r\n\r\nint main(){\r\nwhile(1)\r\n}'),(48,11,58,4,1,0,0,'2012-06-05 22:18:59','#include<cstdio>\r\n\r\nint main(){\r\nwhile(1);\r\n}'),(49,10001,58,3,1,0,520,'2012-06-05 22:19:58','#include <cstdio>\r\n\r\nint main(){\r\nint a,b;\r\nscanf(\"%d%d\",&a,&b);\r\nprintf(\"%d\\n\",a+b);\r\n}'),(50,11,58,4,1,0,0,'2012-06-05 23:39:47','#include <cstdio>\r\n#include <set>\r\n#include <algorithm>\r\nusing namespace std;\r\n\r\nconst int mn = 100, mm = mn * (mn - 1) / 2;\r\nint n, m, s[mm], a[mn];\r\n\r\nbool get_solution(int b1, int b2, int b3, int &x1, int &x2, int &x3) {\r\n	const int det = -2;\r\n	int d1 = -b1 - b2 + b3;\r\n	int d2 = -b1 + b2 - b3;\r\n	int d3 = b1 - b2 - b3;\r\n	if (d1 % det != 0 || d2 % det != 0 || d3 % det != 0)\r\n		return 0;\r\n	x1 = d1 / det;\r\n	x2 = d2 / det;\r\n	x3 = d3 / det;\r\n	return 1;\r\n}\r\n\r\nint main() {\r\n	int T;\r\n	scanf(\"%d\", &T);\r\n	while (T--) {\r\n		scanf(\"%d\", &n);\r\n		m = n * (n - 1) / 2;\r\n		for (int i = 0; i < m; ++i)\r\n			scanf(\"%d\", s + i);\r\n		sort(s, s + m);\r\n\r\n		int nsol = 0;\r\n		for (int i = 2; i <= n && s[i] <= s[0] + s[1]; ++i) {\r\n			bool integral = get_solution(s[0], s[1], s[i], a[0], a[1], a[2]);\r\n			if (integral) {\r\n				++nsol;\r\n				multiset<int> sums;\r\n				for (int j = 2; j < m; ++j)\r\n					if (j != i)\r\n						sums.insert(s[j]);\r\n				for (int j = 3; j < n; ++j) {\r\n					a[j] = *sums.begin() - a[0];\r\n					for (int k = 0; k < j; ++k)\r\n						sums.erase(sums.find(a[k] + a[j]));\r\n				}\r\n			}\r\n		}\r\n		if (nsol) {\r\n//			if (nsol > 1)\r\n//				puts(\"more than one solutions!\");\r\n			for (int i = 0; i < n; ++i) {\r\n				if (i)\r\n					putchar(\' \');\r\n				printf(\"%d\", a[i]);\r\n			}\r\n			putchar(\'\\n\');\r\n		} else {\r\n			puts(\"-1\");\r\n		}\r\n\r\n	}\r\n\r\n	return 0;\r\n}\r\n'),(51,11,58,4,1,0,0,'2012-06-05 23:41:46','#include <cstdio>\r\n#include <set>\r\n#include <algorithm>\r\nusing namespace std;\r\n\r\nconst int mn = 100, mm = mn * (mn - 1) / 2;\r\nint n, m, s[mm], a[mn];\r\n\r\nbool get_solution(int b1, int b2, int b3, int &x1, int &x2, int &x3) {\r\n	const int det = -2;\r\n	int d1 = -b1 - b2 + b3;\r\n	int d2 = -b1 + b2 - b3;\r\n	int d3 = b1 - b2 - b3;\r\n	if (d1 % det != 0 || d2 % det != 0 || d3 % det != 0)\r\n		return 0;\r\n	x1 = d1 / det;\r\n	x2 = d2 / det;\r\n	x3 = d3 / det;\r\n	return 1;\r\n}\r\n\r\nint main() {\r\n	int T;\r\n	scanf(\"%d\", &T);\r\n	while (T--) {\r\n		scanf(\"%d\", &n);\r\n		m = n * (n - 1) / 2;\r\n		for (int i = 0; i < m; ++i)\r\n			scanf(\"%d\", s + i);\r\n		sort(s, s + m);\r\n\r\n		int nsol = 0;\r\n		for (int i = 2; i <= n && s[i] <= s[0] + s[1]; ++i) {\r\n			bool integral = get_solution(s[0], s[1], s[i], a[0], a[1], a[2]);\r\n			if (integral) {\r\n				multiset<int> sums;\r\n				for (int j = 2; j < m; ++j)\r\n					if (j != i)\r\n						sums.insert(s[j]);\r\n				for (int j = 3; j < n; ++j) {\r\n					a[j] = *sums.begin() - a[0];\r\n					for (int k = 0; k < j; ++k)\r\n						sums.erase(sums.find(a[k] + a[j]));\r\n				}\r\n				bool sorted = 1;\r\n				for(int j=1;j<n;++j)\r\n					if(a[j-1]>a[j])sorted = 0;\r\n				if(sorted)++nsol;\r\n			}\r\n		}\r\n		if (nsol) {\r\n//			if (nsol > 1)\r\n//				puts(\"more than one solutions!\");\r\n			for (int i = 0; i < n; ++i) {\r\n				if (i)\r\n					putchar(\' \');\r\n				printf(\"%d\", a[i]);\r\n			}\r\n			putchar(\'\\n\');\r\n		} else {\r\n			puts(\"-1\");\r\n		}\r\n\r\n	}\r\n\r\n	return 0;\r\n}\r\n'),(52,11,58,4,1,0,0,'2012-06-06 00:00:26','#include <cstdio>\r\n#include <set>\r\n#include <algorithm>\r\nusing namespace std;\r\n\r\nconst int mn = 100, mm = mn * (mn - 1) / 2;\r\nint n, m, s[mm], a[mn];\r\n\r\nbool get_solution(int b1, int b2, int b3, int &x1, int &x2, int &x3) {\r\n	const int det = -2;\r\n	int d1 = -b1 - b2 + b3;\r\n	int d2 = -b1 + b2 - b3;\r\n	int d3 = b1 - b2 - b3;\r\n	if (d1 % det != 0 || d2 % det != 0 || d3 % det != 0)\r\n		return 0;\r\n	x1 = d1 / det;\r\n	x2 = d2 / det;\r\n	x3 = d3 / det;\r\n	return 1;\r\n}\r\n\r\nint main() {\r\n	int T;\r\n	scanf(\"%d\", &T);\r\n	while (T--) {\r\n		scanf(\"%d\", &n);\r\n		m = n * (n - 1) / 2;\r\n		for (int i = 0; i < m; ++i)\r\n			scanf(\"%d\", s + i);\r\n		sort(s, s + m);\r\n\r\n		int nsol = 0;\r\n		for (int i = 2; i <= n && s[i] < s[0] + s[1]; ++i) {\r\n			bool integral = get_solution(s[0], s[1], s[i], a[0], a[1], a[2]);\r\n			if (integral) {\r\n				multiset<int> sums;\r\n				for (int j = 2; j < m; ++j)\r\n					if (j != i)\r\n						sums.insert(s[j]);\r\n				try {\r\n					for (int j = 3; j < n; ++j) {\r\n						a[j] = *sums.begin() - a[0];\r\n						for (int k = 0; k < j; ++k) {\r\n							multiset<int>::iterator itr = sums.find(\r\n									a[k] + a[j]);\r\n							if (itr == sums.end())\r\n								throw 1;\r\n							sums.erase(itr);\r\n						}\r\n					}\r\n					for (int j = 1; j < n; ++j)\r\n						if (a[j - 1] > a[j])\r\n							throw 2;\r\n					++nsol;\r\n				} catch (...) {\r\n\r\n				}\r\n			}\r\n		}\r\n		if (nsol) {\r\n//			if (nsol > 1)\r\n//				puts(\"more than one solutions!\");\r\n			for (int i = 0; i < n; ++i) {\r\n				if (i)\r\n					putchar(\' \');\r\n				printf(\"%d\", a[i]);\r\n			}\r\n			putchar(\'\\n\');\r\n		} else {\r\n			puts(\"-1\");\r\n		}\r\n\r\n	}\r\n\r\n	return 0;\r\n}\r\n'),(53,11,58,4,1,0,0,'2012-06-06 00:21:32','#include <cstdio>\r\n#include <set>\r\n#include <algorithm>\r\nusing namespace std;\r\n\r\nconst int mn = 100, mm = mn * (mn - 1) / 2;\r\nint n, m, s[mm], a[mn];\r\n\r\nbool get_solution(int b1, int b2, int b3, int &x1, int &x2, int &x3) {\r\n	const int det = -2;\r\n	int d1 = -b1 - b2 + b3;\r\n	int d2 = -b1 + b2 - b3;\r\n	int d3 = b1 - b2 - b3;\r\n	if (d1 % det != 0 || d2 % det != 0 || d3 % det != 0)\r\n		return 0;\r\n	x1 = d1 / det;\r\n	x2 = d2 / det;\r\n	x3 = d3 / det;\r\n	return 1;\r\n}\r\n\r\nint main() {\r\n//	freopen(\"data.in\",\"r\",stdin);\r\n//	freopen(\"my.out\",\"w\",stdout);\r\n	int T;\r\n	scanf(\"%d\", &T);\r\n	while (T--) {\r\n		scanf(\"%d\", &n);\r\n		m = n * (n - 1) / 2;\r\n		for (int i = 0; i < m; ++i)\r\n			scanf(\"%d\", s + i);\r\n		sort(s, s + m);\r\n\r\n		int nsol = 0;\r\n		for (int i = 2; i <= n && s[i] < s[0] + s[1]; ++i) {\r\n			bool integral = get_solution(s[0], s[1], s[i], a[0], a[1], a[2]);\r\n			if (integral) {\r\n				multiset<int> sums;\r\n				for (int j = 2; j < m; ++j)\r\n					if (j != i)\r\n						sums.insert(s[j]);\r\n				try {\r\n					for (int j = 3; j < n; ++j) {\r\n						a[j] = *sums.begin() - a[0];\r\n						for (int k = 0; k < j; ++k) {\r\n							multiset<int>::iterator itr = sums.find(\r\n									a[k] + a[j]);\r\n							if (itr == sums.end())\r\n								throw 1;\r\n							sums.erase(itr);\r\n						}\r\n					}\r\n					for (int j = 1; j < n; ++j)\r\n						if (a[j - 1] > a[j])\r\n							throw 2;\r\n					++nsol;\r\n				} catch (...) {\r\n\r\n				}\r\n				if(nsol) break;\r\n			}\r\n		}\r\n		if (nsol) {\r\n//			if (nsol > 1)\r\n//				puts(\"more than one solutions!\");\r\n			for (int i = 0; i < n; ++i) {\r\n				if (i)\r\n					putchar(\' \');\r\n				printf(\"%d\", a[i]);\r\n			}\r\n			putchar(\'\\n\');\r\n		} else {\r\n			puts(\"-1\");\r\n		}\r\n\r\n	}\r\n\r\n	return 0;\r\n}\r\n'),(54,11,58,4,1,0,0,'2012-06-06 00:21:53','#include <cstdio>\r\n#include <set>\r\n#include <algorithm>\r\nusing namespace std;\r\n\r\nconst int mn = 100, mm = mn * (mn - 1) / 2;\r\nint n, m, s[mm], a[mn];\r\n\r\nbool get_solution(int b1, int b2, int b3, int &x1, int &x2, int &x3) {\r\n	const int det = -2;\r\n	int d1 = -b1 - b2 + b3;\r\n	int d2 = -b1 + b2 - b3;\r\n	int d3 = b1 - b2 - b3;\r\n	if (d1 % det != 0 || d2 % det != 0 || d3 % det != 0)\r\n		return 0;\r\n	x1 = d1 / det;\r\n	x2 = d2 / det;\r\n	x3 = d3 / det;\r\n	return 1;\r\n}\r\n\r\nint main() {\r\n//	freopen(\"data.in\",\"r\",stdin);\r\n//	freopen(\"my.out\",\"w\",stdout);\r\n	int T;\r\n	scanf(\"%d\", &T);\r\n	while (T--) {\r\n		scanf(\"%d\", &n);\r\n		m = n * (n - 1) / 2;\r\n		for (int i = 0; i < m; ++i)\r\n			scanf(\"%d\", s + i);\r\n		sort(s, s + m);\r\n\r\n		int nsol = 0;\r\n		for (int i = 2; i <= n && s[i] < s[0] + s[1]; ++i) {\r\n			bool integral = get_solution(s[0], s[1], s[i], a[0], a[1], a[2]);\r\n			if (integral) {\r\n				multiset<int> sums;\r\n				for (int j = 2; j < m; ++j)\r\n					if (j != i)\r\n						sums.insert(s[j]);\r\n				try {\r\n					for (int j = 3; j < n; ++j) {\r\n						a[j] = *sums.begin() - a[0];\r\n						for (int k = 0; k < j; ++k) {\r\n							multiset<int>::iterator itr = sums.find(\r\n									a[k] + a[j]);\r\n							if (itr == sums.end())\r\n								throw 1;\r\n							sums.erase(itr);\r\n						}\r\n					}\r\n					for (int j = 1; j < n; ++j)\r\n						if (a[j - 1] >= a[j])\r\n							throw 2;\r\n					++nsol;\r\n				} catch (...) {\r\n\r\n				}\r\n				if(nsol) break;\r\n			}\r\n		}\r\n		if (nsol) {\r\n//			if (nsol > 1)\r\n//				puts(\"more than one solutions!\");\r\n			for (int i = 0; i < n; ++i) {\r\n				if (i)\r\n					putchar(\' \');\r\n				printf(\"%d\", a[i]);\r\n			}\r\n			putchar(\'\\n\');\r\n		} else {\r\n			puts(\"-1\");\r\n		}\r\n\r\n	}\r\n\r\n	return 0;\r\n}\r\n'),(55,1,56,7,4,NULL,NULL,'2012-06-07 06:06:07','bal'),(56,10001,56,9,4,NULL,NULL,'2012-06-07 06:08:44','var\r\na,b:integer;\r\n\r\nbegin\r\nreadln(a,b);\r\nwhile not eof do\r\nbegin\r\nwriteln(a+b);\r\nend;\r\nend.'),(57,10001,56,9,4,NULL,NULL,'2012-06-07 06:10:31','var\r\na,b:integer;\r\n\r\nbegin\r\nreadln(a,b);\r\nwriteln(a+b);\r\nend.'),(58,10001,56,9,4,NULL,NULL,'2012-06-07 06:11:10','var\r\na,b,c:integer;\r\n\r\nbegin\r\nreadln(a,b);\r\nc:=a+b;\r\nwriteln(c);\r\nend.'),(59,10001,56,9,4,NULL,NULL,'2012-06-07 06:12:37','var\r\na,b,c:integer;\r\ni:int64;\r\n\r\nbegin\r\nfor i:=1 to 10000000 do\r\nbegin\r\nreadln(a,b);\r\nc:=a+b;\r\nwriteln(c);\r\nend;\r\nend.'),(60,10001,56,9,4,NULL,NULL,'2012-06-07 06:13:48','program p1001(Input,Output); \r\nvar \r\n  a,b:Integer; \r\nbegin \r\n  while not eof(Input) do \r\n    begin \r\n      Readln(a, b); \r\n      Writeln(a + b); \r\n    end; \r\nend.'),(61,10001,56,9,3,NULL,NULL,'2012-06-07 06:16:28','import java.util.Scanner;\r\npublic class Main {\r\n    public static void main(String[] args) {\r\n        Scanner in = new Scanner(System.in);\r\n        while (in.hasNext()) {\r\n            int a = in.nextInt();\r\n            int b = in.nextInt();\r\n            System.out.println(a + b);\r\n        }\r\n    }\r\n}'),(62,10001,56,3,2,0,500,'2012-06-07 06:16:59','#include <stdio.h>\r\nint main(void) {\r\n    int a, b;\r\n    while (scanf(\"%d%d\", &a, &b) != EOF) {\r\n        printf(\"%d\", a + b);\r\n    }\r\n    return 0;\r\n}'),(63,10001,56,3,1,0,700,'2012-06-07 06:17:26','#include <iostream>\r\nusing namespace std;\r\nint main() {\r\n    int a, b;\r\n    while (cin >> a >> b) {\r\n        cout << a + b << endl;\r\n    }\r\n    return 0;\r\n}'),(64,3,62,1,1,NULL,NULL,'2012-08-24 03:17:14','# include<stdio.h>\r\n# include<stdlib.h>\r\n# include<string.h>\r\nint n,h,t[26],f[26],d[26];\r\nint now[26];\r\nint time[26];\r\nint anstime[26];\r\nint main()\r\n{\r\n	int i,j;\r\n	int n;\r\n	while(scanf(\"%d\",&n))\r\n	{if(n==0) break;int ans=-9999;\r\n		scanf(\"%d\",&h);h=h*60;\r\n		for(i=1;i<=n;i++) scanf(\"%d\",&f[i]);\r\n			for(i=1;i<=n;i++) scanf(\"%d\",&d[i]);\r\n				for(i=1;i<n;i++) scanf(\"%d\",&t[i]),t[i]*=5;\r\n				for(i=1;i<=n;i++)\r\n				{memset(time,0,sizeof(time));\r\n					int hh=h;int tank=0;\r\n					for(j=1;j<i;j++)\r\n						hh-=t[j];\r\n						for(j=1;j<=i;j++) now[j]=f[j];\r\n				    if(hh<0) break;\r\n						int max=-9999999,maxx;\r\n					while(hh>=5) \r\n					{max=-9999999;\r\n						for(j=1;j<=i;j++) \r\n						if(now[j]>max) {max=now[j];maxx=j;}\r\n						if(max>0) tank+=max;now[maxx]-=d[maxx];time[maxx]++;\r\n						if(now[maxx]<0) now[maxx]=0;\r\n						hh-=5;\r\n					}int ok=0;\r\n					//printf(\"tank:%d\\n\",tank);\r\n					if(tank>ans) \r\n					{ans=tank;for(j=1;j<=n;j++) anstime[j]=time[j];\r\n					}\r\n					else if(tank==ans)\r\n					{int k=1;while(k<=n)\r\n						{if(time[k]>anstime[k]) {ok=1;break;}\r\n							else if(time[k]<anstime[k]) break;k++;\r\n						}\r\n						if(ok) for(j=1;j<=n;j++) anstime[j]=time[j];\r\n					}\r\n				}\r\n				for(i=1;i<n;i++) printf(\"%d, \",anstime[i]*5);printf(\"%d\\n\",anstime[n]*5);\r\n					printf(\"Number of fish expected: %d\\n\\n\",ans);\r\n	}\r\n	return 0;\r\n}\r\n'),(65,1,65,1,2,NULL,NULL,'2012-09-05 22:13:57','jdfbvjds\r\nsdfsd\r\nvs\r\ndfsfsfsdsd');
/*!40000 ALTER TABLE `status` ENABLE KEYS */;
UNLOCK TABLES;

--
-- Table structure for table `testdata`
--

DROP TABLE IF EXISTS `testdata`;
/*!40101 SET @saved_cs_client     = @@character_set_client */;
/*!40101 SET character_set_client = utf8 */;
CREATE TABLE `testdata` (
  `did` int(10) unsigned NOT NULL AUTO_INCREMENT,
  `input` text,
  `output` text,
  `version` int(10) unsigned NOT NULL DEFAULT '1',
  PRIMARY KEY (`did`)
) ENGINE=MyISAM DEFAULT CHARSET=utf8;
/*!40101 SET character_set_client = @saved_cs_client */;

--
-- Dumping data for table `testdata`
--

LOCK TABLES `testdata` WRITE;
/*!40000 ALTER TABLE `testdata` DISABLE KEYS */;
/*!40000 ALTER TABLE `testdata` ENABLE KEYS */;
UNLOCK TABLES;

--
-- Table structure for table `user`
--

DROP TABLE IF EXISTS `user`;
/*!40101 SET @saved_cs_client     = @@character_set_client */;
/*!40101 SET character_set_client = utf8 */;
CREATE TABLE `user` (
  `uid` int(10) unsigned NOT NULL AUTO_INCREMENT,
  `username` varchar(32) NOT NULL,
  `email` varchar(128) DEFAULT NULL,
  `nickname` varchar(64) NOT NULL,
  `password` char(32) NOT NULL,
  `school` varchar(32) DEFAULT NULL,
  `gender` tinyint(1) DEFAULT NULL,
  `accepted` int(10) unsigned NOT NULL DEFAULT '0',
  `submitted` int(10) unsigned NOT NULL DEFAULT '0',
  `registerTime` datetime DEFAULT NULL,
  `lastlogintime` datetime DEFAULT NULL,
  `lastloginip` char(32) DEFAULT NULL,
  `lastlanguage` char(10) DEFAULT NULL,
  PRIMARY KEY (`uid`),
  UNIQUE KEY `username` (`username`),
  UNIQUE KEY `nickname` (`nickname`)
) ENGINE=MyISAM AUTO_INCREMENT=75 DEFAULT CHARSET=utf8;
/*!40101 SET character_set_client = @saved_cs_client */;

--
-- Dumping data for table `user`
--

LOCK TABLES `user` WRITE;
/*!40000 ALTER TABLE `user` DISABLE KEYS */;
INSERT INTO `user` VALUES (3,'alazyrabbit','','alazyrabbit','1fccb567a44880e8665b7cb9d0f97271','',2,9,14,'2009-09-17 18:14:15',NULL,NULL,NULL),(2,'asdfasdf','','asdfasdf','38d2368bdb355fd0acf7eaa86c520b3f','',2,0,0,'2009-09-17 17:51:30',NULL,NULL,NULL),(4,'powerx1202','powerx1202@gmail.com','','a220a317d4773cd502ceded7a7448287','',1,0,0,'2009-09-17 21:42:31',NULL,NULL,NULL),(5,'test','','test','cc03e747a6afbbcbf8be7668acfebee5','',2,0,0,'2009-09-17 21:45:45',NULL,NULL,NULL),(6,'godlike','','godlike','4f75d8bc38efe07fd24f303eee69b00b','heaven',2,0,0,'2009-09-17 21:56:05',NULL,NULL,NULL),(7,'godess','','godess','a973d1c139b6dedecc1c79b30efc064d','',0,0,0,'2009-09-17 21:57:55',NULL,NULL,NULL),(8,'hixuhuiqing','tsingxu@yahoo.cn','tsing_xu','96e79218965eb72c92a549dd5a330112','SDU',1,0,0,'2009-09-18 09:33:23',NULL,NULL,NULL),(9,'mabaochang','314134278@qq.com','mabaochang','e10adc3949ba59abbe56e057f20f883e','JLU&&SDU',1,0,0,'2009-09-24 19:40:52',NULL,NULL,NULL),(10,'123abc','zouyun250@126.com','123abc','e10adc3949ba59abbe56e057f20f883e','JLU&&SDU',1,0,0,'2009-09-24 19:42:06',NULL,NULL,NULL),(11,'yabinxu','','tick','e10adc3949ba59abbe56e057f20f883e','',1,0,0,'2009-11-10 17:22:49',NULL,NULL,NULL),(12,'a','','a','5d793fc5b00a2348c3fb9ab59e5ca98a','',1,0,0,'2010-01-13 17:54:31',NULL,NULL,NULL),(13,'yanghdx','','123456','e10adc3949ba59abbe56e057f20f883e','',1,0,0,'2010-01-13 18:03:19',NULL,NULL,NULL),(14,'JK_L','liujiankun625@yahoo.com.cn','','25ef754a752450c761f053e4b16bd542','sdu',1,0,0,'2010-01-15 12:44:50',NULL,NULL,NULL),(15,'eee4','','qq','083696f0769e1f30002ba8084727b1f3','',1,0,0,'2010-01-15 12:45:49',NULL,NULL,NULL),(16,'shixiao','','shixiao','2c04f98759d784b2d79bd72e8df2457c','',2,0,0,'2010-01-15 12:52:13',NULL,NULL,NULL),(17,'xunlei','','qq2','083696f0769e1f30002ba8084727b1f3','',1,0,0,'2010-01-15 12:57:38',NULL,NULL,NULL),(18,'tester','123@123.123','tester','4297f44b13955235245b2497399d7a93','<script>alert(\'aa\');</script>',1,0,0,'2010-01-16 22:31:02',NULL,NULL,NULL),(19,'mjmjmtl','','mjmjmtl','e10adc3949ba59abbe56e057f20f883e','',2,0,0,'2010-03-30 19:53:59',NULL,NULL,NULL),(20,'guowei','','gw','e10adc3949ba59abbe56e057f20f883e','sdu',1,0,0,'2010-04-06 19:55:45',NULL,NULL,NULL),(21,'moon','','moon','e10adc3949ba59abbe56e057f20f883e','',1,0,0,'2010-04-06 19:56:36',NULL,NULL,NULL),(22,'CN_dota_hope','lixiaoming824@hotmail.com','','608848b86f3d352f98aba9d15fe9b7d0','',1,0,0,'2010-04-06 19:59:01',NULL,NULL,NULL),(23,'yybsqwh','','yybsqwh','6e70bcda6dfcce6fe762bbf6adafd39a','',2,0,0,'2010-04-09 19:31:51',NULL,NULL,NULL),(24,'heartnheart','595041947@sina.com','heartnheart','c99263f9ff2c91027d4218ddb7a4b0db','',1,0,0,'2010-04-10 15:45:14',NULL,NULL,NULL),(25,'MicroSky','microsky2813@hotmail.com','','92bcfec6400be025f9bd96ca1cfeac06','sdu',1,0,0,'2010-05-15 21:49:05',NULL,NULL,NULL),(26,'111','15216407992@163.com','111','96e79218965eb72c92a549dd5a330112','Shandong University',0,0,0,'2010-05-19 02:07:22',NULL,NULL,NULL),(27,'zhangmengchi','mengchi.zhang@gmail.com','brad','0e91f62e82978a405b04d766bd8ca269','sdu',1,0,0,'2010-06-05 19:47:40',NULL,NULL,NULL),(29,'microsky2813','microsky2813@hotmail.com','MicroSky','92bcfec6400be025f9bd96ca1cfeac06','sdu',1,3,3,'2010-06-22 18:15:51',NULL,NULL,NULL),(30,'gwasdf','gwasdf@126.com','ssss','e10adc3949ba59abbe56e057f20f883e','sdu',1,1,1,'2010-06-22 18:41:00',NULL,NULL,NULL),(31,'admin','','admin','eae52cf0db48077b1edce2e3af8d71e9','',1,0,0,'2010-06-22 19:04:54',NULL,NULL,NULL),(32,'lfs','lfs588@163.com','lfs','c0d9b6127b7fc3011ebd5a6526f3d366','',1,0,0,'2010-06-22 21:40:29',NULL,NULL,NULL),(33,'wangxiaohu','','wangxiaohu','74add17bb8e9f0ae4ec2ddd92b456e2e','',2,1,1,'2011-03-24 20:18:19',NULL,NULL,NULL),(34,'bochuan007','','Alven Black','7c1d3c1b8a9da4fa1ed38ec7041d6ac8','',2,0,0,'2011-07-14 02:41:07',NULL,NULL,NULL),(35,'fanzhou','','fanzhou','e10adc3949ba59abbe56e057f20f883e','',1,0,1,'2011-08-11 21:39:09',NULL,NULL,NULL),(36,'onetwogoo','','Mr_Phone','3b27e9261c2aa02b4566f0444db313a4','',1,0,0,'2011-08-12 11:40:58',NULL,NULL,NULL),(37,'oms1005','oms1005@gmail.com','oms1005','020500dfed796170c982aff98f565abd','University of Miami',1,0,0,'2011-09-11 01:08:05',NULL,NULL,NULL),(38,'b','','b','e10adc3949ba59abbe56e057f20f883e','',2,1,1,'2011-09-25 17:39:18',NULL,NULL,NULL),(39,'suryodaya','subrahmanyam.203@gmail.com','suryodaya','129c435ff4f3d037f925e0ca8d3ce0bf','NRIIZT',1,0,1,'2011-10-01 23:07:08',NULL,NULL,NULL),(40,'duyhunghd6','duyhunghd6@gmail.com','Bui Duy Hung','cac5c34a75fe7eacb0565bb102d4735b','Hanoi University of Industry',1,0,1,'2011-10-12 12:59:28',NULL,NULL,NULL),(41,'b_75','bimo_ekolaksono@yahoo.co.id','b_75','655a102855fbd57e233143cc623f833c','school',1,0,0,'2011-11-03 07:56:41',NULL,NULL,NULL),(42,'d','','d','b9812664852562b860dba55094e77978','',2,0,1,'2011-11-24 01:31:55',NULL,NULL,NULL),(43,'sunday161290','sunday161290@gmail.com','sunday161290','c7bc0d514d9eaabfa127732fb89377c8','uet',1,0,2,'2011-11-30 01:08:51',NULL,NULL,NULL),(44,'test1234','','test1234','16d7a4fca7442dda3ad93c9a726597e4','',2,0,1,'2011-12-16 00:05:21',NULL,NULL,NULL),(45,'justin','','tim','7ccc5ad2155a5666133819de5ef9b892','csu',1,0,0,'2011-12-28 16:47:43',NULL,NULL,NULL),(46,'legna1002','','legna1002','cce10da11566dbaff6140e812d96692e','',2,0,0,'2012-01-14 16:31:05',NULL,NULL,NULL),(47,'Prasserymmers','hijbb88hgf@gmail.com','Prasserymmers','73e902df040e27b9e2385508cd9120c1','Yemen',1,0,0,'2012-02-27 21:53:13',NULL,NULL,NULL),(48,'Brumawaitrumn','kij6gj875l@gmail.com','Brumawaitrumn','92d031ba7fbfffe98813fcc9d7a569d5','',1,0,0,'2012-02-28 14:04:16',NULL,NULL,NULL),(49,'sspa','','sspa','8d1004b5f37693a5d57158fef80485c8','dut',2,0,8,'2012-03-22 12:43:23',NULL,NULL,NULL),(50,'siccruddy','ssa8892aas@gmail.com','siccruddy','e7ad6c011a2314155eb6b5b18119851d','',1,0,0,'2012-04-18 05:52:41',NULL,NULL,NULL),(51,'hnu0621','lijinmeng4@21cn.com','kingdream','e10adc3949ba59abbe56e057f20f883e','hnu',1,0,2,'2012-04-22 14:22:20',NULL,NULL,NULL),(52,'prajba','albeeyao@gmail.com','prajba','0f2113c8300c50a372bfa15084b0845f','Tsinghua University',0,0,0,'2012-04-24 16:32:35',NULL,NULL,NULL),(53,'DamionPeakukd2','sunny@gmail.com','DamionPeakukd2','85e5afd1898272139f58d2158f7715a6','{hello|michael kors bags|michael',1,0,0,'2012-05-05 03:51:20',NULL,NULL,NULL),(54,'ac_von','','AC_Von','6a4b1d3942cefd3ed2c8566691fc14ce','',1,0,1,'2012-05-07 09:34:07',NULL,NULL,NULL),(55,'heikeCreeva','surrendernqwk@gmail.com','heikeCreeva','36387515de9d3e93db6938832d81d292','',1,0,0,'2012-05-26 21:17:36',NULL,NULL,NULL),(56,'retrouhuy','retrouhuy@gmail.com','retrouhuy','f192c0f91fc0efc44dbd7a4b4f9b2f4f','',1,3,10,'2012-05-31 22:42:29',NULL,NULL,NULL),(57,'ylwh','ylwhunknown@foxmail.com','ylwh','8fa2d501ddce1fa5608274736ba33c76','ZZU',1,0,0,'2012-06-02 21:51:50',NULL,NULL,NULL),(58,'ftfish','','ftfish','e0c96bfbe55d283c1649902529500bfe','KIT',2,1,8,'2012-06-06 06:18:03',NULL,NULL,NULL),(59,'AxiombAlkabob','debtormwel@gmail.com','AxiombAlkabob','f533a0fbef9e9e755da72292030ada18','',1,0,0,'2012-06-14 20:42:10',NULL,NULL,NULL),(60,'attaifece','financeuopm@gmail.com','attaifece','ac54e579eb6437589d6ef0cf1a6f695c','',1,0,0,'2012-07-13 11:03:09',NULL,NULL,NULL),(61,'vafPrelolaPem','laguna942on@gmail.com','vafPrelolaPem','ca3e6070ca7b799e019b4ca8a963829c','',1,0,0,'2012-07-24 07:36:57',NULL,NULL,NULL),(62,'tankche1','','tank','01ff38c60e01bba644901f783753adf8','',2,0,1,'2012-08-08 16:29:44',NULL,NULL,NULL),(63,'prisseneFrume','lfcqhkv72@goods.com','prisseneFrume','85e5afd1898272139f58d2158f7715a6','',1,0,0,'2012-08-18 01:29:51',NULL,NULL,NULL),(64,'NeinydypeGync','crunchxbnp@gmail.com','NeinydypeGync','9b8f0289ad0d3180cd89ed7b23ec8467','',1,0,0,'2012-08-20 17:53:59',NULL,NULL,NULL),(65,'piyushgururani','','piyush','dc7ee38396e953a4fc2577b5dde97fe7','',2,0,1,'2012-09-06 06:12:44',NULL,NULL,NULL),(66,'SYPEPHYMN','ceasehlzr@gmail.com','SYPEPHYMN','346ed0baeae7e2be4ad5b4c8fab0c711','Japan',1,0,0,'2012-09-25 03:28:38',NULL,NULL,NULL),(67,'110c','','110c','ec324f4c307fb6a3b1ddba81b94ea590','',0,0,0,'2012-09-25 18:01:18',NULL,NULL,NULL),(68,'Tekuniziz','rageiasc@gmail.com','Tekuniziz','3ac6dd4b458bf8b00e28a1710d20adda','SMU',1,0,0,'2012-09-26 23:17:33',NULL,NULL,NULL),(69,'HoknortUnfoks','williamscarl1126@aol.com','HoknortUnfoks','e49d32b7beb73df11b6364e026510591','Japan',1,0,0,'2012-09-30 15:20:18',NULL,NULL,NULL),(70,'snistodiumn','respectcnmp@gmail.com','snistodiumn','6bb6c0a78c103ab6a52960069377f650','Hehehe',1,0,0,'2012-10-20 05:32:17',NULL,NULL,NULL),(71,'fajrinazis','fajrin.azis@gmail.com','Fajrin','ae2b1fca515949e5d54fb22b8ed95575','',1,0,0,'2012-10-21 03:21:29',NULL,NULL,NULL),(72,'stuarts740','','stuarts','34875d4e1348cd38eaed338c7fc1dcef','',2,0,0,'2012-10-22 19:27:11',NULL,NULL,NULL),(73,'AdopssiTideow','subsidysghm@gmail.com','AdopssiTideow','c9345219f7d3bb3aca1a2c78f9490c06','Colby College',1,0,0,'2012-11-06 03:28:05',NULL,NULL,NULL),(74,'Teefeddyclose','bestowyopz@gmail.com','Teefeddyclose','22d183145e5752cc576fdde998f4991b','Colby College',1,0,0,'2012-11-16 16:17:46',NULL,NULL,NULL);
/*!40000 ALTER TABLE `user` ENABLE KEYS */;
UNLOCK TABLES;
/*!40103 SET TIME_ZONE=@OLD_TIME_ZONE */;

/*!40101 SET SQL_MODE=@OLD_SQL_MODE */;
/*!40014 SET FOREIGN_KEY_CHECKS=@OLD_FOREIGN_KEY_CHECKS */;
/*!40014 SET UNIQUE_CHECKS=@OLD_UNIQUE_CHECKS */;
/*!40101 SET CHARACTER_SET_CLIENT=@OLD_CHARACTER_SET_CLIENT */;
/*!40101 SET CHARACTER_SET_RESULTS=@OLD_CHARACTER_SET_RESULTS */;
/*!40101 SET COLLATION_CONNECTION=@OLD_COLLATION_CONNECTION */;
/*!40111 SET SQL_NOTES=@OLD_SQL_NOTES */;

-- Dump completed on 2012-12-02 12:20:13
